Unnamed: 0,匯入時間,統計時間,縣市代碼,縣市名稱,學校代碼,學校名稱,1年級班級數,2年級班級數,3年級班級數,4年級班級數,5年級班級數,6年級班級數,1年級男學生數,1年級女學生數,2年級男學生數,2年級女學生數,3年級男學生數,3年級女學生數,4年級男學生數,4年級女學生數,5年級男學生數,5年級女學生數,6年級男學生數,6年級女學生數,上學年男畢業生,上學年女畢業生,男專任教師,女專任教師,男職員,女職員,lat,lng
1456,20210801,202101,11,臺南市,110328,國立南科高級實驗中學附設國小部,9,9,8,8,8,8,135,93,119,121,106,109,110,104,120,92,111,109,114,98,22,65,1,3,23.1050459,120.2896634
1457,20210801,202101,11,臺南市,114601,市立仁德國小,7,7,6,6,5,6,92,84,96,89,83,77,88,49,66,69,82,65,80,66,12,54,1,1,22.9620775,120.2537785
1458,20210801,202101,11,臺南市,114602,市立文賢國小,1,1,1,1,1,1,7,7,10,11,14,8,14,8,8,8,11,12,17,8,4,8,0,2,22.9079103,120.2132254
1459,20210801,202101,11,臺南市,114603,市立長興國小,2,2,4,2,2,2,27,23,26,25,32,30,23,27,20,16,28,24,27,30,5,18,1,3,22.9904249,120.2605322
1460,20210801,202101,11,臺南市,114604,市立依仁國小,1,1,1,1,1,1,7,8,8,8,7,6,8,9,5,5,9,9,10,11,7,5,0,2,22.9129684,120.2611889
1461,20210801,202101,11,臺南市,114605,市立大甲國小,2,2,2,1,2,2,15,16,18,14,15,25,13,12,19,11,17,25,16,10,7,11,0,3,24.3508271,120.6263633
1462,20210801,202101,11,臺南市,114606,市立仁和國小,1,1,1,2,1,1,13,11,9,8,7,15,18,14,9,8,5,7,13,7,5,10,0,2,24.8967059,121.2776433
1463,20210801,202101,11,臺南市,114607,市立德南國小,5,5,5,4,4,4,62,66,52,66,59,61,37,53,39,50,53,53,49,60,12,35,1,3,22.948759,120.251143
1464,20210801,202101,11,臺南市,114608,市立虎山實驗小學,2,1,1,1,1,2,17,18,14,8,11,15,13,11,13,6,21,16,19,17,4,11,1,1,22.9454506,120.2299063
1465,20210801,202101,11,臺南市,114609,市立歸仁國小,4,5,5,5,3,4,61,49,68,65,60,49,56,42,42,33,51,44,52,39,15,30,0,4,22.9705429,120.2967334
1466,20210801,202101,11,臺南市,114610,市立歸南國小,4,4,5,3,3,3,56,55,53,51,55,47,34,41,34,38,41,38,48,39,11,28,2,3,22.9638483,120.2878261
1467,20210801,202101,11,臺南市,114611,市立保西國小,2,2,2,2,1,2,22,15,21,21,24,14,16,17,7,12,18,14,12,14,9,11,0,2,22.9924807,120.2934525
1468,20210801,202101,11,臺南市,114612,市立大潭國小,1,1,2,1,1,1,11,13,13,14,18,13,15,7,9,15,8,16,20,14,4,9,1,1,22.9143271,120.27162549999998
1469,20210801,202101,11,臺南市,114613,市立關廟國小,2,3,3,2,2,2,32,19,34,27,31,27,28,18,31,22,20,32,29,33,13,13,1,3,22.956979,120.3310449
1470,20210801,202101,11,臺南市,114614,市立五甲國小,5,5,5,5,4,4,69,64,60,67,56,59,51,39,48,39,62,47,52,50,18,33,2,2,22.5981505,120.3339649
1471,20210801,202101,11,臺南市,114615,市立保東國小,1,1,1,1,1,1,5,7,2,8,3,7,5,3,4,5,6,6,6,6,1,11,0,2,22.9943772,120.3087629
1472,20210801,202101,11,臺南市,114616,市立崇和國小,1,1,1,1,1,1,3,5,5,5,4,0,3,1,4,1,6,2,3,6,6,5,0,3,22.9041635,120.3518261
1473,20210801,202101,11,臺南市,114617,市立文和實驗小學,1,1,1,1,1,1,9,9,7,2,9,5,4,4,2,2,4,7,3,4,4,7,0,3,22.919336,120.3473046
1474,20210801,202101,11,臺南市,114618,市立深坑國小,1,1,1,1,1,1,8,3,9,7,5,5,6,3,6,8,8,7,8,4,4,7,0,2,25.0017788,121.6171368
1475,20210801,202101,11,臺南市,114619,市立新光國小,1,1,1,1,1,1,2,2,2,1,4,4,2,2,0,1,0,4,5,2,3,9,0,2,24.1594747,120.7069635
1476,20210801,202101,11,臺南市,114620,市立龍崎國小,2,2,2,2,2,2,3,2,2,6,6,1,4,5,7,5,9,4,7,4,11,11,0,3,22.963915,120.359124
1477,20210801,202101,11,臺南市,114623,市立永康國小,14,16,15,14,13,15,193,185,217,220,202,198,177,173,182,161,198,183,204,202,46,107,0,9,23.0259331,120.2559899
1478,20210801,202101,11,臺南市,114624,市立大灣國小,10,11,12,9,10,10,140,147,141,161,167,125,136,113,128,108,137,133,161,135,32,74,1,7,23.0056442,120.2670424
1479,20210801,202101,11,臺南市,114625,市立三村國小,7,8,8,6,5,7,84,101,114,101,101,102,88,74,79,60,99,79,79,75,22,49,0,5,23.0416828,120.2370854
1480,20210801,202101,11,臺南市,114626,市立西勢國小,3,3,3,2,2,2,37,36,37,34,38,30,21,23,18,15,19,23,20,18,6,18,1,1,23.0187385,120.2753033
1481,20210801,202101,11,臺南市,114627,市立永康區復興國小,4,4,4,4,3,3,45,44,41,43,42,44,27,34,27,38,22,40,24,29,14,26,0,4,23.001268,120.239391
1482,20210801,202101,11,臺南市,114628,市立龍潭國小,5,5,5,4,3,5,72,58,68,60,62,70,51,38,40,39,61,57,66,59,10,39,0,4,23.0334677,120.2677841
1483,20210801,202101,11,臺南市,114629,市立大橋國小,13,13,13,9,9,11,189,183,180,167,176,168,139,116,138,116,124,127,132,124,29,86,1,6,25.0640328,121.5125477
1484,20210801,202101,11,臺南市,114630,市立新化國小,6,6,7,5,6,6,88,83,92,75,93,76,55,62,57,67,73,80,69,67,20,52,1,5,23.037529100000004,120.3106667
1485,20210801,202101,11,臺南市,114631,市立那拔國小,1,1,1,1,1,1,7,11,6,2,11,3,11,3,8,6,10,7,8,9,4,7,0,2,23.068485,120.3493731
1486,20210801,202101,11,臺南市,114632,市立口埤實驗小學,1,1,1,1,1,1,11,4,10,4,13,8,10,11,10,11,5,6,9,6,4,8,0,2,23.025019600000004,120.3486951
1487,20210801,202101,11,臺南市,114633,市立大新國小,2,3,3,2,2,2,29,22,34,27,34,28,20,16,26,23,23,18,37,17,8,18,1,3,24.145955,120.646959
1488,20210801,202101,11,臺南市,114635,市立山上國小,1,1,2,1,1,2,15,13,8,17,16,14,13,9,12,12,10,21,14,12,6,11,0,3,23.1007374,120.3551709
1489,20210801,202101,11,臺南市,114636,市立玉井國小,3,3,3,3,2,5,40,28,35,38,36,26,31,33,27,22,46,45,43,30,9,27,2,2,23.1214733,120.4591112
1490,20210801,202101,11,臺南市,114637,市立層林國小,1,1,1,1,1,1,5,3,8,5,5,2,5,4,1,4,9,6,10,4,4,8,0,2,23.0778994,120.4295119
1491,20210801,202101,11,臺南市,114638,市立楠西國小,2,2,2,2,2,2,23,16,12,20,30,23,24,16,20,15,24,18,26,24,5,19,0,3,23.1741592,120.4849041
1492,20210801,202101,11,臺南市,114639,市立南化國小,1,1,1,1,1,1,5,5,10,5,4,3,7,3,9,12,10,5,13,8,2,11,2,2,23.044513100000003,120.4701373
1493,20210801,202101,11,臺南市,114640,市立北寮國小,1,1,1,1,1,1,4,1,3,2,2,3,6,2,2,3,2,3,4,3,6,6,1,1,23.0762392,120.4945321
1494,20210801,202101,11,臺南市,114641,市立西埔國小,1,1,1,1,1,1,1,1,3,3,2,1,0,3,5,2,4,8,3,7,4,8,0,2,23.0460112,120.4459348
1495,20210801,202101,11,臺南市,114642,市立玉山國小,1,1,1,1,1,1,1,0,3,2,2,1,3,2,1,2,1,4,2,0,5,7,0,3,23.0745448,120.5189747
1496,20210801,202101,11,臺南市,114643,市立瑞峰國小,1,1,0,1,1,1,3,1,1,2,0,1,1,0,2,0,1,1,1,0,2,9,1,1,24.1686556,120.5737781
1497,20210801,202101,11,臺南市,114644,市立左鎮國小,1,1,1,1,1,1,7,4,4,4,5,1,4,4,6,4,4,6,8,4,5,7,0,4,23.0556609,120.40389240000002
1498,20210801,202101,11,臺南市,114646,市立光榮實驗小學,1,1,1,1,1,1,5,4,4,3,4,5,1,3,2,6,5,1,4,2,5,7,0,2,23.0643112,120.38915159999998
1499,20210801,202101,11,臺南市,114647,市立善化國小,2,5,4,3,3,3,35,22,54,41,48,41,33,28,41,32,33,36,27,34,11,27,0,4,23.13574160000001,120.288909
1500,20210801,202101,11,臺南市,114648,市立茄拔國小,1,2,2,1,1,1,7,11,18,17,15,16,12,11,8,13,12,7,10,12,5,9,0,2,23.1381223,120.3246318
1501,20210801,202101,11,臺南市,114649,市立善化區大同國小,2,1,2,2,1,1,15,23,11,13,19,17,17,12,11,7,14,9,14,13,4,10,0,3,23.1564574,120.3076926
1502,20210801,202101,11,臺南市,114650,市立大成國小,9,9,10,7,7,8,128,105,126,120,132,121,92,99,93,91,115,114,132,133,19,67,0,6,24.0912033,120.5475412
1503,20210801,202101,11,臺南市,114651,市立陽明國小,1,1,1,1,1,1,13,13,14,7,11,7,6,5,13,7,5,12,13,9,5,6,1,1,22.6453753,120.3352503
1504,20210801,202101,11,臺南市,114652,市立善糖國小,1,1,1,1,1,1,6,7,6,9,7,5,9,10,4,3,8,6,5,7,4,7,0,2,23.1531937,120.2883402
1505,20210801,202101,11,臺南市,114653,市立小新國小,4,3,3,2,2,2,55,55,36,43,35,32,24,33,20,17,19,25,16,14,8,20,0,2,23.1246916,120.310552
1506,20210801,202101,11,臺南市,114654,市立新市國小,10,11,13,9,8,9,143,140,147,146,166,156,127,95,106,111,123,113,119,130,26,79,0,7,23.0790019,120.2955476
1507,20210801,202101,11,臺南市,114655,市立大社國小,2,2,2,2,2,2,25,19,27,21,25,22,23,14,25,14,23,12,19,17,7,14,1,3,22.7300781,120.3457389
1508,20210801,202101,11,臺南市,114656,市立安定國小,3,3,3,3,2,3,28,36,36,24,32,32,29,28,19,22,31,31,43,22,9,22,2,2,23.1228575,120.2463276
1509,20210801,202101,11,臺南市,114657,市立南安國小,3,4,4,3,3,4,33,40,45,47,49,40,32,39,38,30,46,45,40,40,13,24,1,3,23.0981728,120.22494170000002
1510,20210801,202101,11,臺南市,114658,市立安定區南興國小,2,3,2,2,2,2,20,26,25,34,27,28,16,17,17,17,22,25,23,18,7,16,0,2,23.0806215,120.218523
1511,20210801,202101,11,臺南市,114659,市立麻豆國小,6,6,7,6,6,6,71,82,97,73,96,82,72,71,78,63,86,79,70,77,12,63,1,5,23.1859149,120.2529205
1512,20210801,202101,11,臺南市,114660,市立培文國小,4,5,4,5,4,4,58,43,62,62,59,50,45,46,41,43,55,49,47,37,12,33,2,2,23.1780452,120.2436425
1513,20210801,202101,11,臺南市,114661,市立文正國小,1,1,1,1,1,1,6,8,6,12,6,6,3,4,2,5,7,2,7,2,5,7,1,1,23.1879742,120.2660243
1514,20210801,202101,11,臺南市,114662,市立大山國小,1,1,1,1,1,1,8,13,8,7,10,9,4,3,9,5,12,5,5,5,3,9,1,2,23.1910682,120.2205287
1515,20210801,202101,11,臺南市,114663,市立安業國小,1,1,2,2,1,1,9,7,10,11,17,12,18,9,9,6,6,5,11,4,6,9,0,2,23.1602698,120.2466662
1516,20210801,202101,11,臺南市,114664,市立北勢國小,1,1,1,1,1,1,5,10,10,6,7,9,5,6,3,5,4,5,6,7,6,6,1,3,24.2169352,120.5715381
1517,20210801,202101,11,臺南市,114665,市立港尾國小,1,1,1,1,1,1,6,1,4,2,5,1,3,0,3,1,1,2,4,3,5,7,0,2,23.205012,120.207288
1518,20210801,202101,11,臺南市,114667,市立紀安國小,1,1,1,1,1,1,2,5,5,7,6,8,7,1,9,6,4,3,3,4,4,9,0,2,23.151131,120.2378924
1519,20210801,202101,11,臺南市,114668,市立佳里國小,7,9,9,7,9,9,94,92,117,111,134,111,105,76,103,102,120,110,135,100,22,64,3,5,23.1642878,120.1726507
1520,20210801,202101,11,臺南市,114669,市立佳興國小,1,2,2,1,1,2,14,12,15,16,20,13,9,13,9,13,22,18,16,11,2,14,0,3,23.189600100000003,120.1919429
1521,20210801,202101,11,臺南市,114670,市立延平國小,1,1,1,1,1,1,11,4,10,5,7,10,8,7,7,4,10,9,6,5,4,8,1,1,25.0666472,121.5124288
1522,20210801,202101,11,臺南市,114671,市立塭內國小,1,1,1,1,1,1,11,11,14,13,5,5,3,7,5,3,4,3,5,2,4,8,0,2,23.1253948,120.16524479999998
1523,20210801,202101,11,臺南市,114672,市立子龍國小,1,1,1,1,1,1,8,18,15,11,13,11,10,10,3,6,8,6,8,4,7,6,0,3,23.174093,120.201591
1524,20210801,202101,11,臺南市,114673,市立仁愛國小,4,4,4,4,3,3,55,44,54,47,47,46,43,56,43,37,32,32,33,36,10,28,0,4,25.0358446,121.5521443
1525,20210801,202101,11,臺南市,114674,市立通興國小,1,1,1,1,1,1,4,7,4,6,6,1,3,2,2,1,1,5,1,0,6,6,0,2,23.143924,120.157699
1526,20210801,202101,11,臺南市,114675,市立西港國小,3,4,4,3,4,4,39,46,44,52,44,38,43,42,43,39,41,44,55,41,16,23,0,4,23.1228784,120.1994959
1527,20210801,202101,11,臺南市,114676,市立港東國小,1,1,1,1,1,1,15,8,15,7,12,11,9,5,9,7,14,7,14,10,3,9,0,2,23.1228608,120.2092578
1528,20210801,202101,11,臺南市,114677,市立西港區成功國小,1,1,2,1,1,2,12,15,9,15,24,8,10,13,8,11,19,14,13,12,6,10,0,3,23.1214944,120.1807278
1529,20210801,202101,11,臺南市,114678,市立後營國小,2,2,2,2,2,2,12,5,8,10,10,12,7,5,5,5,7,7,7,7,8,13,1,4,23.140121,120.2145768
1530,20210801,202101,11,臺南市,114680,市立松林國小,1,1,1,1,1,1,9,13,12,13,11,10,9,10,9,8,9,8,10,7,4,8,0,3,24.86971,120.9911206
1531,20210801,202101,11,臺南市,114681,市立七股國小,1,1,1,1,1,2,11,9,7,9,12,11,12,12,9,10,17,19,23,11,11,5,0,4,23.139372,120.138512
1532,20210801,202101,11,臺南市,114682,市立後港國小,1,1,1,1,1,1,5,5,5,7,5,3,2,7,4,1,1,1,6,4,4,8,0,2,23.1842219,120.1369173
1533,20210801,202101,11,臺南市,114683,市立竹橋國小,1,1,1,1,1,1,3,4,10,5,3,2,5,5,3,4,5,3,0,13,5,7,0,2,23.101839,120.1591107
1534,20210801,202101,11,臺南市,114684,市立三股國小,1,1,1,1,1,1,5,2,10,5,7,6,4,11,1,2,7,11,5,6,3,9,1,3,23.101872,120.116919
1535,20210801,202101,11,臺南市,114685,市立光復生態實驗小學,1,1,1,1,1,1,4,3,4,2,1,2,2,5,2,1,2,3,2,1,5,7,1,1,23.148821,120.107068
1536,20210801,202101,11,臺南市,114686,市立篤加國小,1,1,1,1,1,1,12,4,7,7,6,6,6,4,5,4,3,5,6,8,4,8,0,2,23.1597328,120.1348257
1537,20210801,202101,11,臺南市,114688,市立龍山國小,1,1,1,1,1,1,1,2,4,3,3,3,1,4,1,2,3,2,2,6,6,6,0,3,25.03566480000001,121.49615520000002
1538,20210801,202101,11,臺南市,114689,市立建功國小,1,1,1,1,1,1,2,3,5,3,5,3,2,0,1,2,4,4,2,6,4,8,0,2,24.8006178,120.9991722
1539,20210801,202101,11,臺南市,114691,市立大文國小,1,1,1,1,1,1,6,3,1,2,3,4,3,5,7,4,10,13,10,7,7,5,1,3,23.1504943,120.1532287
1540,20210801,202101,11,臺南市,114692,市立樹林國小,1,1,1,1,1,1,4,0,3,1,2,1,2,1,9,1,7,4,3,2,5,7,0,2,24.9898163,121.41807959999998
1541,20210801,202101,11,臺南市,114693,市立將軍國小,1,1,1,1,1,1,7,2,5,2,5,4,1,7,6,6,4,5,7,8,5,7,0,2,23.21520880000001,120.136466
1542,20210801,202101,11,臺南市,114694,市立漚汪國小,2,2,2,2,2,2,24,19,20,24,16,16,16,16,12,17,21,16,17,14,5,16,0,3,23.198641,120.159502
1543,20210801,202101,11,臺南市,114695,市立苓和國小,1,1,1,1,1,1,4,7,6,9,11,6,5,4,4,7,4,4,7,4,7,5,0,2,23.2190428,120.1616517
1544,20210801,202101,11,臺南市,114696,市立鯤鯓國小,1,1,1,1,1,1,6,5,6,3,4,4,2,4,6,4,4,8,5,9,3,9,0,2,23.1884908,120.0885395
1545,20210801,202101,11,臺南市,114697,市立長平國小,1,1,1,1,1,1,3,3,6,3,5,5,3,3,5,6,10,3,9,2,6,6,0,3,23.218341,120.10679
1546,20210801,202101,11,臺南市,114699,市立北門國小,2,2,2,2,2,2,4,1,2,4,8,3,1,4,2,6,2,1,6,6,9,14,0,5,24.813708,120.965668
1547,20210801,202101,11,臺南市,114700,市立蚵寮國小,1,1,1,1,1,1,6,3,5,9,7,6,5,5,12,7,9,6,7,4,7,7,0,2,22.7331559,120.2479599
1548,20210801,202101,11,臺南市,114701,市立文山國小,1,1,1,1,1,1,2,1,1,1,2,4,0,6,5,2,7,3,4,2,7,5,1,1,24.1493214,120.6153696
1549,20210801,202101,11,臺南市,114702,市立錦湖國小,1,1,1,1,1,1,2,1,2,3,5,3,3,2,0,4,1,4,4,1,5,7,0,2,25.071109600000003,121.61068059999998
1550,20210801,202101,11,臺南市,114703,市立雙春國小,1,1,1,1,1,1,4,1,4,2,3,1,2,2,1,1,2,4,1,1,6,6,1,2,23.301079,120.125059
1551,20210801,202101,11,臺南市,114705,市立三慈國小,1,1,1,1,1,1,3,5,1,5,7,7,6,4,4,5,6,3,3,5,4,8,0,3,23.2386056,120.1098764
1552,20210801,202101,11,臺南市,114706,市立學甲國小,3,3,3,4,3,2,34,26,31,40,29,34,37,31,37,22,25,24,29,26,10,25,2,2,23.2363663,120.175293
1553,20210801,202101,11,臺南市,114707,市立中洲國小,1,1,1,1,2,1,9,2,11,5,11,4,3,10,14,15,5,8,12,8,4,8,1,1,23.2454889,120.1599642
1554,20210801,202101,11,臺南市,114708,市立宅港國小,1,1,1,1,1,1,9,6,5,7,6,9,7,4,6,5,8,2,10,5,5,7,1,1,23.2869204,120.2011678
1555,20210801,202101,11,臺南市,114709,市立頂洲國小,1,1,1,1,1,1,7,9,7,10,6,8,8,5,9,7,7,7,8,4,4,8,1,1,23.2869306,120.2011867
1556,20210801,202101,11,臺南市,114710,市立東陽國小,3,3,3,3,3,3,30,33,36,27,31,50,27,32,35,23,40,36,35,40,10,25,1,3,23.22876,120.183858
1557,20210801,202101,11,臺南市,114711,市立下營國小,2,2,2,2,2,2,18,13,15,21,25,25,17,18,12,19,32,13,31,18,5,17,1,3,23.2314709,120.2616162
1558,20210801,202101,11,臺南市,114712,市立中營國小,1,2,1,2,1,1,15,12,15,13,10,17,18,11,11,11,10,9,15,4,3,14,0,3,23.2137363,120.2764331
1559,20210801,202101,11,臺南市,114713,市立賀建國小,1,1,1,1,1,1,6,4,6,3,4,1,1,2,3,5,0,4,7,2,3,9,1,1,23.2546066,120.2963385
1560,20210801,202101,11,臺南市,114714,市立甲中國小,1,1,1,1,1,1,3,7,7,10,6,4,7,5,10,6,6,10,3,7,6,6,1,1,23.2502055,120.2724831
1561,20210801,202101,11,臺南市,114716,市立東興國小,3,3,3,2,3,3,42,43,40,33,28,44,23,24,20,27,23,33,30,24,10,19,0,3,24.1560468,120.6530707
1562,20210801,202101,11,臺南市,114717,市立六甲國小,6,7,7,6,6,7,57,63,81,72,61,97,71,55,68,49,74,68,67,67,22,48,1,6,23.2258597,120.3496761
1563,20210801,202101,11,臺南市,114718,市立林鳳國小,1,1,1,1,1,1,5,7,12,6,10,9,4,7,6,6,7,6,7,4,5,6,0,2,23.240968,120.317726
1564,20210801,202101,11,臺南市,114720,市立官田國小,2,2,2,2,2,2,18,17,28,21,15,22,16,15,23,11,10,17,17,13,6,18,2,2,23.1887875,120.3420563
1565,20210801,202101,11,臺南市,114721,市立隆田國小,3,3,3,2,2,2,34,29,29,27,24,40,20,17,23,22,25,29,28,31,14,12,0,4,23.1922858,120.3150812
1566,20210801,202101,11,臺南市,114722,市立嘉南國小,1,1,1,1,1,1,8,9,8,4,6,7,9,7,5,1,3,3,9,2,3,9,1,1,23.2174544,120.365045
1567,20210801,202101,11,臺南市,114723,市立渡拔國小,1,1,1,1,1,1,4,7,7,10,8,10,2,7,6,10,8,12,9,7,5,8,0,2,23.1708873,120.3269035
1568,20210801,202101,11,臺南市,114724,市立大內國小,2,2,3,2,3,3,14,10,17,11,24,11,8,13,14,15,25,25,18,14,9,23,0,5,23.118891,120.360411
1569,20210801,202101,11,臺南市,114726,市立二溪國小,1,1,1,1,1,1,6,4,3,1,3,5,3,3,3,1,2,0,3,3,5,8,0,2,23.1225267,120.3928654
1570,20210801,202101,11,臺南市,114728,市立新營國小,6,7,8,6,6,6,95,62,87,106,113,111,77,84,92,73,99,77,97,107,16,58,1,5,23.3062733,120.316383
1571,20210801,202101,11,臺南市,114729,市立新民國小,5,5,7,5,7,6,72,58,78,50,56,63,63,53,76,51,73,71,72,66,16,48,1,4,25.0222236,121.5316611
1572,20210801,202101,11,臺南市,114730,市立新橋國小,1,1,1,1,1,1,0,3,1,6,3,0,1,1,2,1,2,1,2,2,3,9,1,1,23.268108,120.277438
1573,20210801,202101,11,臺南市,114731,市立新營區新興國小,1,1,1,1,1,1,12,8,8,7,7,13,6,5,9,4,3,6,7,6,4,8,0,3,25.1797101,121.4400679
1574,20210801,202101,11,臺南市,114732,市立新進國小,6,7,9,6,7,7,83,77,90,96,111,118,70,76,80,84,87,91,104,106,14,58,2,5,23.3151673,120.3163447
1575,20210801,202101,11,臺南市,114733,市立南梓實驗小學,2,2,2,1,1,1,21,24,17,18,23,8,8,20,13,7,12,10,9,15,3,12,0,2,23.298067,120.2986887
1576,20210801,202101,11,臺南市,114734,市立新生國小,1,1,1,1,1,1,1,1,3,3,3,4,3,4,4,4,5,2,5,8,5,7,1,1,25.0296774,121.5332977
1577,20210801,202101,11,臺南市,114735,市立土庫國小,1,1,1,1,1,1,4,2,4,3,6,3,10,2,9,0,6,2,3,4,6,6,0,2,23.6763322,120.3887924
1578,20210801,202101,11,臺南市,114736,市立公誠國小,2,2,2,2,2,2,18,15,26,19,19,24,30,15,22,14,24,19,24,21,9,19,0,3,23.7150829,120.538812
1579,20210801,202101,11,臺南市,114737,市立鹽水國小,3,3,4,4,3,3,36,34,39,37,53,45,43,41,31,37,37,33,50,42,15,29,2,3,23.3227002,120.271058
1580,20210801,202101,11,臺南市,114738,市立歡雅國小,1,1,1,1,1,1,5,4,6,6,4,3,8,7,3,10,7,8,10,9,5,7,0,3,23.2929702,120.2433842
1581,20210801,202101,11,臺南市,114739,市立坔頭港國小,1,1,1,1,1,1,2,1,4,4,7,8,5,4,3,0,1,5,3,3,6,6,0,4,23.2545211,120.2500108
1582,20210801,202101,11,臺南市,114740,市立月津國小,1,2,2,2,2,2,7,13,16,12,9,16,10,11,8,7,9,6,7,19,5,15,3,1,23.315883,120.266373
1583,20210801,202101,11,臺南市,114742,市立竹埔國小,1,1,1,1,1,1,2,5,4,2,3,6,1,3,3,0,2,5,1,4,7,5,0,3,23.2668697,120.2459541
1584,20210801,202101,11,臺南市,114743,市立仁光國小,1,1,1,1,1,1,4,3,6,3,5,3,3,3,4,2,4,5,2,5,3,9,0,3,23.2993588,120.2574527
1585,20210801,202101,11,臺南市,114744,市立岸內國小,1,1,1,1,1,1,11,6,6,8,6,5,2,4,5,5,7,2,10,6,4,7,0,2,23.329331,120.260768
1586,20210801,202101,11,臺南市,114747,市立文昌國小,1,1,1,1,1,1,3,5,11,7,5,5,4,5,5,3,3,4,7,2,2,10,0,2,25.0994096,121.5213325
1587,20210801,202101,11,臺南市,114748,市立白河國小,4,4,4,4,3,4,46,31,53,45,53,46,55,36,29,36,52,47,32,42,13,29,1,3,23.352203,120.413945
1588,20210801,202101,11,臺南市,114749,市立玉豐國小,1,1,1,1,1,1,6,10,6,10,8,9,10,7,10,6,12,9,9,2,6,7,2,2,23.3793913,120.4165079
1589,20210801,202101,11,臺南市,114750,市立竹門國小,1,1,1,1,1,1,5,8,6,2,2,6,2,9,5,8,4,9,3,5,7,5,2,1,23.376762,120.445045
1590,20210801,202101,11,臺南市,114751,市立內角國小,1,1,1,1,1,1,0,3,3,1,8,3,2,3,1,3,6,3,7,4,5,8,0,2,23.397333,120.440714
1591,20210801,202101,11,臺南市,114753,市立仙草國小,2,2,2,2,2,2,1,4,5,3,5,3,5,2,3,2,5,3,6,4,7,14,0,3,23.3449805,120.4740595
1592,20210801,202101,11,臺南市,114755,市立河東國小,1,2,2,2,2,1,2,4,7,4,4,5,1,1,3,4,4,2,7,4,6,12,0,5,23.3447498,120.4373834
1593,20210801,202101,11,臺南市,114756,市立大竹國小,1,1,1,1,1,1,1,3,9,6,3,4,0,3,2,6,5,6,8,6,5,8,0,2,25.0247647,121.2584648
1594,20210801,202101,11,臺南市,114758,市立柳營國小,2,2,2,2,2,2,24,17,22,17,22,30,24,18,18,17,17,18,20,19,8,13,0,4,23.2753735,120.3126116
1595,20210801,202101,11,臺南市,114759,市立果毅國小,1,1,1,1,1,1,6,8,5,9,7,10,4,4,4,7,5,8,14,8,4,9,0,4,23.25791,120.372166
1596,20210801,202101,11,臺南市,114760,市立重溪國小,1,1,1,1,1,1,9,4,4,4,3,9,11,3,8,9,4,6,8,7,4,7,1,2,23.2858721,120.3646284
1597,20210801,202101,11,臺南市,114761,市立太康國小,1,1,1,1,1,1,4,5,9,7,9,6,8,10,5,2,4,9,7,4,6,6,0,2,23.290371,120.32975
1598,20210801,202101,11,臺南市,114762,市立新山國小,1,1,1,1,1,1,3,4,4,5,6,5,5,1,6,3,3,4,8,1,4,9,1,1,23.266385,120.387868
1599,20210801,202101,11,臺南市,114763,市立後壁國小,2,2,2,2,1,2,17,16,18,21,23,16,16,13,10,13,21,16,14,16,6,14,2,2,23.3663901,120.36678059999998
1600,20210801,202101,11,臺南市,114764,市立菁寮國小,1,1,1,1,1,1,1,8,2,3,3,5,3,0,3,5,2,4,9,3,3,10,0,2,23.379273,120.339398
1601,20210801,202101,11,臺南市,114765,市立安溪國小,1,1,1,1,1,1,7,4,7,8,7,6,4,8,8,2,3,6,6,6,3,9,0,2,24.9310827,121.372483
1602,20210801,202101,11,臺南市,114766,市立新東國小,1,1,1,1,1,1,11,5,8,11,9,7,4,13,7,3,5,6,6,5,4,8,0,4,23.3118343,120.3237308
1603,20210801,202101,11,臺南市,114767,市立永安國小,1,1,1,1,1,1,3,6,8,9,8,15,2,6,9,9,7,9,6,2,5,8,0,2,25.0787857,121.54957720000002
1604,20210801,202101,11,臺南市,114768,市立新嘉國小,1,1,1,1,1,1,6,2,1,2,3,4,1,0,5,2,2,4,2,2,5,8,0,2,23.372604,120.310143
1605,20210801,202101,11,臺南市,114769,市立樹人國小,1,1,1,1,1,1,7,7,6,8,5,7,5,8,6,8,6,4,3,10,3,10,1,1,23.3291194,120.3773639
1606,20210801,202101,11,臺南市,114770,市立東山國小,2,2,3,2,2,2,22,22,19,23,27,28,20,15,13,16,27,21,26,21,7,16,1,3,25.0600444,121.7000861
1607,20210801,202101,11,臺南市,114771,市立聖賢國小,1,1,1,1,1,1,2,0,3,5,4,2,1,5,3,1,5,0,4,2,6,7,0,2,23.305948,120.362717
1608,20210801,202101,11,臺南市,114772,市立東原國小,1,1,1,1,1,1,5,5,8,5,4,9,2,7,6,11,10,6,5,14,6,6,1,3,23.2659204,120.4466435
1609,20210801,202101,11,臺南市,114774,市立青山國小,1,1,1,1,1,1,9,5,9,1,8,3,7,9,7,4,8,8,9,3,4,8,0,2,23.9448296,120.60237
1610,20210801,202101,11,臺南市,114775,市立吉貝耍國小,1,1,1,1,1,1,1,5,4,5,3,1,0,5,4,0,1,0,3,3,5,6,0,2,23.2946649,120.386108
1611,20210801,202101,11,臺南市,114776,市立崑山國小,9,10,12,8,9,9,113,119,132,131,174,157,102,106,123,99,128,118,125,112,34,63,1,6,23.0065346,120.2585438
1612,20210801,202101,11,臺南市,114777,市立五王國小,5,7,6,5,5,6,67,70,98,89,81,71,54,66,63,54,74,72,88,75,12,47,0,4,23.008525,120.2360751
1613,20210801,202101,11,臺南市,114778,市立文化國小,7,8,8,6,6,8,109,77,108,99,106,101,102,69,90,78,119,103,128,105,19,55,3,4,25.1371562,121.4965074
1614,20210801,202101,11,臺南市,114779,市立正新國小,4,4,4,4,3,4,59,52,55,45,49,52,42,46,41,36,49,37,59,45,10,31,1,3,23.0328382,120.302286
1615,20210801,202101,11,臺南市,114780,市立信義國小,3,4,4,2,3,4,37,37,37,57,45,38,25,25,32,30,37,39,38,31,11,27,0,4,25.031566,121.563181
1616,20210801,202101,11,臺南市,114781,市立新泰國小,4,4,5,4,4,4,51,55,59,54,59,61,57,47,35,53,50,42,53,41,10,33,1,3,25.037911,121.4437563
1617,20210801,202101,11,臺南市,114782,市立永信國小,12,12,15,11,10,12,177,144,187,163,225,174,159,133,135,129,172,152,174,138,33,89,0,8,23.0170656,120.2482952
1618,20210801,202101,11,臺南市,114784,市立永康區勝利國小,6,6,5,4,4,5,65,85,79,65,63,68,46,60,52,53,74,56,61,54,15,39,1,2,23.0036415,120.2307674
1619,20210801,202101,11,臺南市,114785,市立紅瓦厝國小,5,5,5,5,5,5,72,72,72,70,75,67,75,48,76,58,62,71,68,68,20,34,1,3,22.962615300000003,120.2989197
2345,20210801,202101,21,臺南市,210601,國立臺南大學附小,6,6,6,6,6,6,85,84,101,69,81,87,84,83,82,82,78,84,84,84,19,48,2,3,22.9857378,120.2092974
2346,20210801,202101,21,臺南市,211320,慈濟學校財團法人臺南市私立慈濟高級中學附設國小部,4,4,4,3,4,5,56,46,65,44,57,57,50,32,52,38,59,62,61,60,4,36,1,3,22.987448,120.179471
2347,20210801,202101,21,臺南市,211601,私立寶仁小學,4,4,4,4,4,4,88,91,92,87,93,86,77,79,81,66,73,90,97,73,9,34,0,6,23.00580110000001,120.22731609999998
2348,20210801,202101,21,臺南市,213601,市立東區勝利國小,10,9,9,9,8,9,153,120,134,115,128,126,126,122,103,99,113,111,110,110,18,73,0,7,22.9886295,120.2179022
2349,20210801,202101,21,臺南市,213602,市立博愛國小,2,3,3,3,2,2,26,23,43,34,27,38,35,26,21,21,17,20,16,15,5,21,1,1,25.0363471,121.5708752
2350,20210801,202101,21,臺南市,213603,市立東區大同國小,3,2,4,2,3,2,31,22,33,28,47,16,21,17,15,28,27,26,35,23,9,20,0,3,22.973851,120.215842
2351,20210801,202101,21,臺南市,213604,市立東光國小,7,8,8,8,8,9,89,105,112,101,111,112,116,99,112,97,135,102,112,114,18,66,2,4,22.6482777,120.33902720000002
2352,20210801,202101,21,臺南市,213605,市立德高國小,5,6,5,4,4,5,66,68,81,68,75,49,57,43,45,52,63,56,59,43,11,40,1,3,22.9628122,120.2359115
2353,20210801,202101,21,臺南市,213606,市立崇學國小,9,11,11,10,10,10,129,127,165,123,152,162,139,111,124,128,136,117,137,117,23,80,0,8,22.979578,120.223427
2354,20210801,202101,21,臺南市,213607,市立志開實驗小學,2,2,2,1,1,1,16,16,22,10,21,19,14,5,8,5,10,10,9,6,2,13,0,2,22.9764204,120.2025846
2355,20210801,202101,21,臺南市,213608,市立南區新興國小,5,6,5,5,5,5,61,74,76,71,74,57,48,50,57,49,60,64,72,52,17,40,0,4,22.9792544,120.1963898
2356,20210801,202101,21,臺南市,213609,市立省躬國小,4,4,4,4,3,5,37,48,40,57,50,57,50,37,43,31,58,62,73,50,8,33,2,2,22.932526,120.180406
2357,20210801,202101,21,臺南市,213610,市立喜樹國小,2,3,3,2,2,2,26,24,35,34,37,35,31,23,23,25,23,25,23,15,4,22,0,3,23.0126359,120.2177672
2358,20210801,202101,21,臺南市,213611,市立龍崗國小,1,1,1,1,1,1,8,9,6,6,14,9,4,7,1,6,10,7,8,6,8,4,0,2,24.9421332,121.2299599
2359,20210801,202101,21,臺南市,213612,市立日新國小,5,5,5,5,4,5,70,45,67,69,62,56,64,58,57,41,63,64,59,65,14,36,1,4,25.05440410000001,121.5164821
2360,20210801,202101,21,臺南市,213613,市立永華國小,5,6,6,5,5,5,63,53,81,82,88,71,78,58,58,55,73,59,77,62,22,33,0,4,22.9637035,120.1865715
2361,20210801,202101,21,臺南市,213614,市立協進國小,7,6,6,6,7,7,87,97,88,83,98,72,71,72,78,52,84,82,76,74,19,50,1,4,22.997195,120.194178
2362,20210801,202101,21,臺南市,213615,市立新南國小,4,4,4,4,4,4,57,51,64,45,63,46,63,51,53,57,45,60,54,55,14,27,1,4,22.9928984,120.1826111
2363,20210801,202101,21,臺南市,213616,市立立人國小,7,7,8,6,7,6,85,92,95,89,105,96,98,72,103,76,94,73,93,92,10,60,1,5,23.00053,120.20171
2364,20210801,202101,21,臺南市,213617,市立公園國小,3,4,3,3,3,4,37,37,43,55,45,33,34,32,30,38,40,48,42,46,4,31,1,3,23.0001472,120.2093429
2365,20210801,202101,21,臺南市,213618,市立開元國小,5,5,5,3,4,4,64,60,62,64,66,68,45,38,50,43,46,42,45,38,15,30,0,4,23.0071861,120.2168206
2366,20210801,202101,21,臺南市,213619,市立大光國小,5,5,5,5,6,6,67,56,65,88,60,66,58,52,51,50,62,78,83,54,18,41,1,4,23.0126359,120.2177672
2367,20210801,202101,21,臺南市,213620,市立中西區成功國小,2,2,2,2,2,2,32,11,20,21,14,24,18,10,13,17,28,17,19,18,7,22,0,4,23.004116600000003,120.1959268
2368,20210801,202101,21,臺南市,213621,市立永福國小,3,4,5,5,5,5,37,28,45,37,60,56,56,38,61,43,62,60,76,56,18,50,1,4,25.0769701,121.4800481
2369,20210801,202101,21,臺南市,213622,市立忠義國小,5,5,5,5,4,5,66,67,78,64,70,73,82,56,56,53,66,61,78,79,9,42,0,4,25.0898139,121.4635369
2370,20210801,202101,21,臺南市,213623,市立進學國小,6,6,6,5,5,5,64,92,68,92,57,73,56,53,46,57,44,73,43,53,15,49,0,4,22.9849805,120.2009221
2371,20210801,202101,21,臺南市,213624,市立石門國小,3,3,3,3,3,3,30,32,40,26,49,37,36,34,34,32,36,33,27,25,12,20,1,3,24.841916,121.240831
2372,20210801,202101,21,臺南市,213625,市立西門實驗小學,3,2,2,2,3,3,39,32,31,25,34,23,22,28,34,35,37,31,31,36,5,20,0,2,23.002633,120.1595291
2373,20210801,202101,21,臺南市,213626,市立安順國小,9,9,10,8,8,9,114,134,125,119,145,135,99,101,104,99,111,121,122,101,24,67,3,4,23.0483657,120.2182231
2374,20210801,202101,21,臺南市,213627,市立和順國小,9,9,10,8,7,9,112,117,119,122,139,116,111,96,100,89,123,105,113,103,34,53,2,4,23.0666065,120.21833329999998
2375,20210801,202101,21,臺南市,213628,市立海東國小,13,15,16,13,10,12,187,169,214,187,229,209,199,146,136,142,177,147,172,171,48,89,1,7,23.0489061,120.174709
2376,20210801,202101,21,臺南市,213629,市立安慶國小,8,9,10,8,7,9,121,108,107,130,121,110,97,83,101,101,106,105,109,131,25,65,1,7,23.0404655,120.1930124
2377,20210801,202101,21,臺南市,213630,市立土城國小,3,2,2,2,2,3,22,21,21,19,23,24,15,21,26,19,28,30,30,21,10,15,0,4,24.972563,121.4424728
2378,20210801,202101,21,臺南市,213631,市立青草國小,1,1,1,1,1,1,7,6,7,11,6,6,4,4,7,6,6,4,3,7,5,7,0,2,23.0766989,120.1168636
2379,20210801,202101,21,臺南市,213632,市立鎮海國小,1,1,1,1,1,1,7,8,8,10,8,8,6,5,2,5,11,5,5,3,3,9,0,2,23.0190395,120.1342569
2380,20210801,202101,21,臺南市,213633,市立顯宮國小,1,1,1,1,1,1,4,4,6,5,3,7,4,2,5,9,4,6,4,6,5,9,0,2,23.0362445,120.1272647
2381,20210801,202101,21,臺南市,213634,市立長安國小,3,3,3,3,3,3,37,29,33,34,37,33,31,30,41,29,17,42,29,36,12,20,0,4,25.0495306,121.5301139
2382,20210801,202101,21,臺南市,213635,市立安南區南興國小,1,1,1,1,1,1,6,4,8,13,6,8,8,6,8,5,6,8,9,5,7,7,0,3,23.0736499,120.1604304
2383,20210801,202101,21,臺南市,213636,市立安佃國小,2,2,2,2,2,2,24,29,25,30,29,26,21,27,26,21,24,27,28,26,9,13,0,2,23.0640268,120.1733217
2384,20210801,202101,21,臺南市,213637,市立大港國小,5,6,6,4,4,6,66,68,76,70,79,60,46,59,43,60,77,68,98,75,13,41,0,5,23.013212,120.189012
2385,20210801,202101,21,臺南市,213638,市立海佃國小,12,12,13,12,11,11,177,166,171,166,190,182,183,152,167,147,162,150,163,175,27,97,2,7,23.0277538,120.2004672
2386,20210801,202101,21,臺南市,213639,市立東區復興國小,13,13,14,13,11,15,163,182,190,177,204,181,174,185,161,144,206,198,208,184,27,108,2,7,22.9824584,120.2387606
2387,20210801,202101,21,臺南市,213640,市立崇明國小,11,14,14,11,12,14,167,144,206,192,189,184,139,156,176,158,196,178,204,198,28,104,2,7,22.9711141,120.2254939
2388,20210801,202101,21,臺南市,213641,市立安平國小,6,8,8,7,6,8,70,97,112,95,112,86,120,78,70,82,101,100,117,100,14,61,1,5,22.9935743,120.1765999
2389,20210801,202101,21,臺南市,213642,市立文元國小,14,15,15,14,14,14,189,218,194,211,229,194,215,173,180,193,209,191,206,189,29,115,1,6,23.0153635,120.199927
2390,20210801,202101,21,臺南市,213643,市立學東國小,1,1,1,1,1,1,7,5,3,9,8,6,5,4,4,1,4,5,8,5,4,10,0,2,23.0781834,120.1454058
2391,20210801,202101,21,臺南市,213644,市立億載國小,12,14,13,11,11,11,149,141,184,190,171,160,146,139,136,132,162,127,155,130,21,98,0,8,22.989736,120.163355
2392,20210801,202101,21,臺南市,213645,市立賢北國小,7,7,7,6,5,6,100,92,84,91,90,87,94,64,73,53,83,81,87,73,19,45,1,4,23.0072265,120.1796769
2393,20210801,202101,21,臺南市,213646,市立裕文國小,6,6,7,6,6,6,83,77,81,91,101,96,89,78,88,82,90,82,90,78,14,50,0,5,22.9824992,120.2457409
