Unnamed: 0,匯入時間,統計時間,銀行代號,分支機構代號,金融機構名稱,分支機構名稱,地址,lat,lng
65,20211201,202110,12,6742,台北富邦商業銀行,台南分行,台南市中西區民生路二段279號,22.9966797,120.1917647
88,20211201,202110,12,7118,台北富邦商業銀行,東寧分行,台南市東區東寧路186號,22.9910402,120.22407549999998
104,20211201,202110,12,7303,台北富邦商業銀行,永康分行,台南市永康區大灣路856號,22.9999295,120.25712450000002
107,20211201,202110,12,7347,台北富邦商業銀行,新營分行,台南市新營區民治路301號,23.305252,120.303237
131,20211201,202110,12,7598,台北富邦商業銀行,東台南分行,台南市東區中華東路三段318號,22.9745829,120.2231632
152,20211201,202110,12,7819,台北富邦商業銀行,北台南分行,台南市北區西門路四段374號,23.014353600000003,120.209909
162,20211201,202110,13,109,國泰世華商業銀行,台南分行,台南市中西區民生路一段62號,22.9933859,120.20321570000002
192,20211201,202110,13,419,國泰世華商業銀行,永康分行,台南市永康區中華路423號,23.009783,120.232801
202,20211201,202110,13,512,國泰世華商業銀行,東台南分行,台南市東區林森路一段395號,22.9854815,120.2215695
213,20211201,202110,13,637,國泰世華商業銀行,成功分行,台南市永康區中華路1號,22.9987439,120.2340998
217,20211201,202110,13,671,國泰世華商業銀行,善化分行,台南市善化區中山路349號,23.132128,120.2937896
240,20211201,202110,13,1128,國泰世華商業銀行,新營分行,台南市新營區中山路134號,23.304995,120.317571
244,20211201,202110,13,1162,國泰世華商業銀行,臨安分行,台南市北區臨安路2段17號,23.0025274,120.1956666
332,20211201,202110,808,152,玉山商業銀行,台南分行,台南市中西區民生路二段76號,22.9953027,120.1971189
339,20211201,202110,808,233,玉山商業銀行,永康分行,台南市永康區永大路二段1518號,23.0250923,120.2611074
358,20211201,202110,808,428,玉山商業銀行,佳里分行,台南市佳里區延平路351號,23.1626219,120.1781392
392,20211201,202110,808,761,玉山商業銀行,東台南分行,台南市東區崇學路108號,22.980398,120.22415
416,20211201,202110,808,1001,玉山商業銀行,新營分行,台南市新營區民治路336號,23.3061532,120.3032634
422,20211201,202110,808,1067,玉山商業銀行,金華分行,台南市南區金華路二段58號,22.9768471,120.1913716
429,20211201,202110,808,1137,玉山商業銀行,仁德分行,台南市仁德區中山路295號,22.9704548,120.2604679
443,20211201,202110,808,1274,玉山商業銀行,鹽行分行,台南市永康區中正北路56號,23.041335600000004,120.23993490000002
447,20211201,202110,808,1311,玉山商業銀行,南永康分行,台南市永康區中華路198號,23.004668,120.23564
456,20211201,202110,808,1403,玉山商業銀行,安南分行,台南市安南區安和路三段159號,23.0475614,120.2180607
468,20211201,202110,812,104,台新國際商業銀行,台南分行,台南市中西區西門路二段389號,22.9986263,120.200476
485,20211201,202110,812,296,台新國際商業銀行,永福分行,台南市中西區永福路二段150號,22.9944241,120.201679
489,20211201,202110,812,333,台新國際商業銀行,崇德分行,台南市東區崇德路260號,22.9775934,120.2220831
490,20211201,202110,812,344,台新國際商業銀行,金華分行,台南市南區金華路二段195號,22.9821398,120.191343
491,20211201,202110,812,355,台新國際商業銀行,後甲分行,台南市東區裕農路520號,22.9883749,120.232937
492,20211201,202110,812,366,台新國際商業銀行,海佃分行,台南市安南區海佃路一段130號,23.0235795,120.191948
520,20211201,202110,812,713,台新國際商業銀行,府城分行,台南市中西區中山路88號,22.9942384,120.2079412
536,20211201,202110,812,872,台新國際商業銀行,永康分行,台南市永康區中華路986號,23.0212681,120.222283
542,20211201,202110,812,931,台新國際商業銀行,永華分行,台南市安平區永華路二段377號,22.98972950000001,120.1798021
565,20211201,202110,822,59,中國信託商業銀行,台南分行,台南市中西區府前路一段159號,22.9888639,120.206118
581,20211201,202110,822,222,中國信託商業銀行,西台南分行,台南市中西區金華路四段212號,23.0011711,120.1961453
592,20211201,202110,822,358,中國信託商業銀行,永康分行,台南市永康區中華路425號,23.0098745,120.232442
601,20211201,202110,822,440,中國信託商業銀行,中華分行,台南市東區中華東路二段195號,22.984385,120.232649
651,20211201,202110,822,1090,中國信託商業銀行,仁德分行,台南市仁德區中山路478號,22.9714718,120.2546976
652,20211201,202110,822,1104,中國信託商業銀行,中台南分行,台南市中西區民生路一段167號,22.9939535,120.2002504
653,20211201,202110,822,1115,中國信託商業銀行,東台南分行,台南市東區長榮路二段290號,22.9911055,120.2215732
655,20211201,202110,822,1137,中國信託商業銀行,南台南分行,台南市南區健康路二段236號,22.981784,120.190871
656,20211201,202110,822,1148,中國信託商業銀行,新營分行,台南市新營區中山路137號,23.304082,120.316723
705,20211201,202110,822,3223,中國信託商業銀行,佳里分行,台南市佳里區中山路410號,23.1634007,120.1769559
707,20211201,202110,822,3245,中國信託商業銀行,鹽行分行,台南市永康區中正北路111號,23.0416752,120.2402103
718,20211201,202110,4,93,臺灣銀行,臺南分行,台南市中西區府前路一段155號,22.9889112,120.2066098
737,20211201,202110,4,288,臺灣銀行,新營分行,台南市新營區中正路10號,23.3089269,120.3163691
749,20211201,202110,4,406,臺灣銀行,安平分行,台南市中西區中正路240號,22.9932847,120.1968765
785,20211201,202110,4,819,臺灣銀行,永康分行,台南市永康區小東路513號,22.9987661,120.236238
812,20211201,202110,4,1377,臺灣銀行,安南分行,台南市安南區安和路二段298號,23.0428855,120.216622
817,20211201,202110,4,1469,臺灣銀行,臺南科學園區分行,台南市新市區南科三路15號,23.0985836,120.2834062
849,20211201,202110,4,2271,臺灣銀行,仁德分行,台南市仁德區中正路2段899號,22.9653019,120.253241
852,20211201,202110,4,2307,臺灣銀行,臺南創新園區分行,台南市安南區科技公園大道18號,23.043664,120.1452896
866,20211201,202110,4,2536,臺灣銀行,南都分行,台南市中西區忠義路二段180號,22.9965698,120.2042831
872,20211201,202110,4,2721,臺灣銀行,六甲頂分行,台南市永康區中正南路41號,23.0205688,120.21603
908,20211201,202110,5,304,臺灣土地銀行,新營分行,台南市新營區中山路79號,23.306026,120.320855
909,20211201,202110,5,315,臺灣土地銀行,永康分行,台南市永康區中山南路20號,23.0120123,120.2273288
910,20211201,202110,5,326,臺灣土地銀行,台南分行,台南市中西區中正路28號,22.992183,120.2030938
936,20211201,202110,5,625,臺灣土地銀行,北台南分行,台南市北區公園路128之7號,22.9987144,120.207501
955,20211201,202110,5,832,臺灣土地銀行,東台南分行,台南市東區東門路三段261號,22.9763883,120.2362246
957,20211201,202110,5,854,臺灣土地銀行,學甲分行,台南市學甲區中正路303號,23.2351212,120.1805221
960,20211201,202110,5,898,臺灣土地銀行,白河分行,台南市白河區三民路395號,23.3516486,120.414829
974,20211201,202110,5,1046,臺灣土地銀行,新市分行,台南市新市區復興路10號,23.0803001,120.2955267
979,20211201,202110,5,1091,臺灣土地銀行,安平分行,台南市安平區中華西路二段23號,22.987004100000004,120.1864848
1015,20211201,202110,5,1471,臺灣土地銀行,安南分行,台南市安南區海佃路三段47號,23.0481734,120.1828149
1019,20211201,202110,5,1518,臺灣土地銀行,大灣分行,台南市永康區永大路二段1062號,23.0181093,120.2628024
1058,20211201,202110,6,291,合作金庫商業銀行,新營分行,台南市新營區中山路115號,23.3049975,120.31848909999998
1059,20211201,202110,6,305,合作金庫商業銀行,台南分行,台南市北區成功路48號,22.9981268,120.2077396
1060,20211201,202110,6,316,合作金庫商業銀行,成功分行,台南市中西區北門路一段97號,22.991732100000004,120.2114408
1086,20211201,202110,6,615,合作金庫商業銀行,佳里分行,台南市佳里區和平街83號,23.1622146,120.1779922
1093,20211201,202110,6,682,合作金庫商業銀行,南興分行,台南市中西區民生路二段72號,22.9952591,120.1972326
1123,20211201,202110,6,1014,合作金庫商業銀行,成大分行,台南市北區勝利路138號,23.00218030000001,120.2189867
1142,20211201,202110,6,1232,合作金庫商業銀行,東台南分行,台南市東區中華東路二段197號,22.9842931,120.232584
1164,20211201,202110,6,1472,合作金庫商業銀行,北台南分行,台南市北區西門路三段159號,23.003707,120.2041106
1170,20211201,202110,6,1531,合作金庫商業銀行,永康分行,台南市永康區中正南路328號,23.0317842,120.227293
1241,20211201,202110,6,5218,合作金庫商業銀行,赤崁分行,台南市北區成功路204號,22.9990597,120.20350630000002
1242,20211201,202110,6,5229,合作金庫商業銀行,府城分行,台南市南區健康路二段380號,22.982307,120.187187
1243,20211201,202110,6,5230,合作金庫商業銀行,開元分行,台南市北區開元路147號,23.0068857,120.2186281
1282,20211201,202110,6,5698,合作金庫商業銀行,北新營分行,台南市新營區民治路360號,23.3057492,120.3031798
1283,20211201,202110,6,5702,合作金庫商業銀行,仁德分行,台南市仁德區中正路三段4號,22.9718833,120.251855
1284,20211201,202110,6,5713,合作金庫商業銀行,南永康分行,台南市永康區中華路202號,23.0048271,120.23552990000002
1446,20211201,202110,7,6010,第一商業銀行,台南分行,台南市中西區忠義路二段82號,22.9939538,120.2033508
1447,20211201,202110,7,6021,第一商業銀行,運河分行(客戶移撥台南分行服務),台南市中西區忠義路2段82號,22.9939538,120.2033508
1448,20211201,202110,7,6043,第一商業銀行,富強分行,台南市東區東門路三段31號,22.980849,120.230751
1449,20211201,202110,7,6054,第一商業銀行,赤崁分行,台南市中西區成功路217號,22.998563,120.2043342
1450,20211201,202110,7,6065,第一商業銀行,竹溪分行,台南市中西區大同路一段98號,22.9861169,120.2109177
1451,20211201,202110,7,6076,第一商業銀行,金城分行,台南市南區夏林路105號,22.98198,120.1952666
1452,20211201,202110,7,6087,第一商業銀行,安南分行,台南市安南區海佃路二段500號,23.0403202,120.1878415
1453,20211201,202110,7,6113,第一商業銀行,新營分行,台南市新營區中山路150號,23.3046539,120.3163979
1454,20211201,202110,7,6216,第一商業銀行,鹽水分行,台南市鹽水區三福路57號,23.3208178,120.26579209999998
1455,20211201,202110,7,6227,第一商業銀行,麻豆分行,台南市麻豆區興中路12號,23.1836014,120.24883490000002
1456,20211201,202110,7,6238,第一商業銀行,善化分行,台南市善化區中山路366號,23.1322951,120.292973
1457,20211201,202110,7,6249,第一商業銀行,佳里分行,台南市佳里區延平路288之1號,23.1604889,120.178538
1458,20211201,202110,7,6250,第一商業銀行,新化分行,台南市新化區中正路374號,23.0354801,120.3082884
1459,20211201,202110,7,6261,第一商業銀行,大灣分行,台南市永康區永大路二段5號,23.00106,120.25928799999998
1460,20211201,202110,7,6283,第一商業銀行,南科園區分行,台南市新市區南科三路15號,23.0985836,120.2834062
1461,20211201,202110,7,6294,第一商業銀行,歸仁分行,台南市歸仁區中山路二段55號,22.966841,120.29258
1462,20211201,202110,7,6308,第一商業銀行,永康分行,台南市永康區中正南路109號,23.02254,120.216563
1638,20211201,202110,8,6206,華南商業銀行,新營分行,台南市新營區新進路二段109號,23.3003908,120.3101763
1639,20211201,202110,8,6217,華南商業銀行,麻豆分行,台南市麻豆區中山路36號,23.183854,120.2473842
1640,20211201,202110,8,6228,華南商業銀行,永康分行,台南市永康區中華路800號,23.017973,120.227601
1641,20211201,202110,8,6402,華南商業銀行,台南分行,台南市中西區永福路二段154號,22.9946722,120.20172209999998
1642,20211201,202110,8,6424,華南商業銀行,東台南分行,台南市東區林森路二段90號,22.9876483,120.22339840000002
1643,20211201,202110,8,6435,華南商業銀行,西台南分行,台南市中西區康樂街156號,22.995159,120.1952185
1644,20211201,202110,8,6446,華南商業銀行,北台南分行,台南市北區成功路294號,22.9997152,120.2016701
1645,20211201,202110,8,6457,華南商業銀行,南都分行,台南市東區長榮路一段203號,22.984667,120.2179206
1646,20211201,202110,8,6468,華南商業銀行,安南分行,台南市安南區安和路四段467號,23.060344,120.2184925
1647,20211201,202110,8,6479,華南商業銀行,仁德分行,台南市仁德區中山路511號,22.9712547,120.2540824
1648,20211201,202110,8,6480,華南商業銀行,新市分行,台南市新市區中正路232之1號,23.0760734,120.2918314
1649,20211201,202110,8,6815,華南商業銀行,金華分行,台南市南區金華路二段172號,22.9797763,120.1914926
1802,20211201,202110,9,6235,彰化商業銀行,新營分行,台南市新營區復興路150號,23.3032774,120.3080008
1803,20211201,202110,9,6242,彰化商業銀行,永康分行,台南市永康區中正南路839號,23.0410801,120.236606
1804,20211201,202110,9,6266,彰化商業銀行,歸仁分行,台南市歸仁區中山路2段218號,22.9675054,120.2887453
1805,20211201,202110,9,6402,彰化商業銀行,台南分行,台南市中西區中正路88號,22.9925195,120.2005174
1806,20211201,202110,9,6419,彰化商業銀行,延平分行,台南市中西區民權路二段151號,22.994863100000003,120.20320259999998
1807,20211201,202110,9,6426,彰化商業銀行,西台南分行,台南市中西區民族路三段94號,22.9984497,120.19748020000002
1808,20211201,202110,9,6433,彰化商業銀行,東台南分行,台南市中西區北門路一段95之1號,22.99137,120.2114685
1809,20211201,202110,9,6440,彰化商業銀行,南台南分行,台南市南區西門路一段655號,22.9861522,120.1974013
1810,20211201,202110,9,6457,彰化商業銀行,安南分行,台南市安南區安和路4段330號,23.0577697,120.2187317
1846,20211201,202110,9,9561,彰化商業銀行,北台南分行,台南市北區西門路四段367號,23.0161919,120.2103651
1863,20211201,202110,9,9849,彰化商業銀行,中華路分行,台南市永康區小東路473號,22.9988631,120.235032
1870,20211201,202110,11,107,上海商業儲蓄銀行,台南分行,台南市南區金華路二段305號,22.984794,120.191573
1895,20211201,202110,11,370,上海商業儲蓄銀行,東台南分行,台南市中西區民族路二段66號,22.994601100000004,120.2102037
1896,20211201,202110,11,381,上海商業儲蓄銀行,永康分行,台南市永康區小東路689號,22.9988051,120.239753
1960,20211201,202110,16,2254,高雄銀行,台南分行,台南市安平區慶平路191號,22.9967589,120.1788506
1972,20211201,202110,16,2405,高雄銀行,成大分行,台南市北區長榮路四段163號,23.006182,120.2216602
1979,20211201,202110,17,66,兆豐國際商業銀行,府城分行,台南市中西區中山路90號,22.9941701,120.20812
2021,20211201,202110,17,505,兆豐國際商業銀行,永康分行,台南市永康區中山路180號,23.0305717,120.256186
2035,20211201,202110,17,653,兆豐國際商業銀行,東台南分行,台南市東區長榮路一段225號,22.9856382,120.2183089
2065,20211201,202110,17,2130,兆豐國際商業銀行,台南分行,台南市中西區忠義路二段14號,22.9911929,120.2027239
2085,20211201,202110,17,2428,兆豐國際商業銀行,台南科學園區分行,台南市新市區南科三路13號,23.0986799,120.28307990000002
2092,20211201,202110,18,104,全國農業金庫,臺南分行,台南市北區公園北路141號,23.0044824,120.2101075
2100,20211201,202110,21,63,花旗（台灣）商業銀行,台南分行,台南市東區崇明路371號,22.9752188,120.2225053
2109,20211201,202110,21,166,花旗（台灣）商業銀行,永福分行,台南市中西區永福路二段83號,22.992991,120.2009072
2253,20211201,202110,50,6904,臺灣中小企業銀行,新營分行,台南市新營區中山路216號,23.3035279,120.315065
2254,20211201,202110,50,6915,臺灣中小企業銀行,開元分行,台南市永康區中華里中華路12號,23.0001457,120.235167
2255,20211201,202110,50,7004,臺灣中小企業銀行,永康分行,台南市永康區中正南路79號,23.021614000000003,120.21604
2256,20211201,202110,50,7015,臺灣中小企業銀行,學甲分行,台南市學甲區中山路87號,23.234323,120.181632
2257,20211201,202110,50,7026,臺灣中小企業銀行,善化分行,台南市善化區中山路352號,23.1322919,120.2934268
2258,20211201,202110,50,7037,臺灣中小企業銀行,永大分行,台南市永康區永大路2段1532號,23.0249135,120.26104479999998
2259,20211201,202110,50,7107,臺灣中小企業銀行,台南分行,台南市中西區中正路185號,22.9926123,120.1980801
2260,20211201,202110,50,7118,臺灣中小企業銀行,仁德分行,台南市仁德區仁義村中山路339號,22.9706739,120.258757
2261,20211201,202110,50,7200,臺灣中小企業銀行,成功分行,台南市中西區公園路25號,22.9939967,120.2051078
2262,20211201,202110,50,7211,臺灣中小企業銀行,東台南分行,台南市東區中華東路二段75號,22.9865235,120.2335503
2263,20211201,202110,50,7303,臺灣中小企業銀行,安平分行,台南市南區中華西路一段67號,22.9740366,120.1837467
2322,20211201,202110,52,775,渣打國際商業銀行,台南分行,台南市南區金華路二段429號,22.9875041,120.191819
2324,20211201,202110,52,812,渣打國際商業銀行,東寧分行,台南市東區東興路88號,22.9917924,120.2293142
2336,20211201,202110,52,1071,渣打國際商業銀行,東台南分行,台南市中西區民族路二段107號,22.9945978,120.2087977
2412,20211201,202110,53,916,台中商業銀行,永康分行,台南市永康區中華路760號,23.0171108,120.2284586
2425,20211201,202110,53,1072,台中商業銀行,台南分行,台南市東區崇學路138號,22.9809333,120.2245229
2429,20211201,202110,54,10,京城商業銀行,營業部,台南市中西區西門路一段506號,22.9845421,120.197943
2430,20211201,202110,54,32,京城商業銀行,台南分行,台南市中西區忠義路二段69號,22.9923173,120.2027135
2432,20211201,202110,54,54,京城商業銀行,新營分行,台南市新營區中山路148號,23.3050111,120.3167088
2433,20211201,202110,54,65,京城商業銀行,鹽水分行,台南市鹽水區中正路15號,23.3202859,120.2678928
2438,20211201,202110,54,113,京城商業銀行,麻豆分行,台南市麻豆區中山路83號,23.1835387,120.24616709999998
2440,20211201,202110,54,135,京城商業銀行,佳里分行,台南市佳里區文化路203號,23.1629839,120.1773638
2443,20211201,202110,54,180,京城商業銀行,東台南分行,台南市東區林森路二段98號,22.987854100000003,120.2235301
2445,20211201,202110,54,249,京城商業銀行,善化分行,台南市善化區中山路452號,23.13247680000001,120.2903557
2446,20211201,202110,54,250,京城商業銀行,學甲分行,台南市學甲區濟生路111號,23.232624800000004,120.1813331
2447,20211201,202110,54,272,京城商業銀行,開元分行,台南市北區開元路280號,23.0083724,120.2222767
2448,20211201,202110,54,283,京城商業銀行,永康分行,台南市永康區永大路二段27號,23.0022703,120.25986
2449,20211201,202110,54,294,京城商業銀行,新市分行,台南市新市區中正路240號,23.0763687,120.2918009
2450,20211201,202110,54,308,京城商業銀行,仁德分行,台南市仁德區中山路365號,22.9707238,120.2581237
2451,20211201,202110,54,319,京城商業銀行,六甲分行,台南市六甲區中正路491號,23.2300525,120.3512248
2452,20211201,202110,54,320,京城商業銀行,安南分行,台南市安南區海佃路一段366號,23.0276981,120.191022
2455,20211201,202110,54,353,京城商業銀行,西港分行,台南市西港區中山路344號,23.1217986,120.2034057
2456,20211201,202110,54,364,京城商業銀行,新化分行,台南市新化區中山路586號,23.0363605,120.30097
2458,20211201,202110,54,397,京城商業銀行,安和分行,台南市安南區安和路二段241號,23.0416881,120.2157411
2459,20211201,202110,54,401,京城商業銀行,新興分行,台南市南區新興路357、359號,22.975493300000004,120.191548
2460,20211201,202110,54,412,京城商業銀行,中華分行,台南市東區仁和路106號,22.9721787,120.23243909999998
2461,20211201,202110,54,434,京城商業銀行,白河分行,台南市白河區國光路7號,23.3521562,120.4159225
2464,20211201,202110,54,489,京城商業銀行,府城分行,台南市北區西門路四段15號,23.006824,120.205913
2465,20211201,202110,54,504,京城商業銀行,歸仁分行,台南市歸仁區中山路二段29號,22.9667157,120.2931462
2466,20211201,202110,54,515,京城商業銀行,鹽行分行,台南市永康區中正北路54號,23.0412854,120.2389896
2469,20211201,202110,54,607,京城商業銀行,關廟分行,台南市關廟區文衡路17號,22.9608476,120.3259923
2472,20211201,202110,54,663,京城商業銀行,玉井分行,台南市玉井區中山路130號,23.120254,120.4633858
2494,20211201,202110,54,939,京城商業銀行,裕農分行,台南市東區裕農路619之2號,22.9887508,120.2355467
2499,20211201,202110,61,43,中華票券金融股份有限公司,台南分公司,台南市中西區忠義路二段14號,22.9911929,120.2027239
2504,20211201,202110,62,33,國際票券金融股份有限公司,台南分公司,台南市中西區成功路457號,23.001056100000003,120.1963449
2518,20211201,202110,81,50,匯豐（台灣）商業銀行,台南分行,台南市東區崇明路269號,22.9764912,120.2211883
2606,20211201,202110,102,348,華泰商業銀行,台南分行,台南市安定區中崙150號,23.080177,120.20918799999998
2651,20211201,202110,103,417,臺灣新光商業銀行,東台南分行,台南市東區中華東路一段12號,22.9977347,120.2342986
2663,20211201,202110,103,541,臺灣新光商業銀行,新營分行,台南市新營區中山路138號,23.304777,120.317213
2672,20211201,202110,103,657,臺灣新光商業銀行,台南分行,台南市中西區民生路2段307號,22.9969408,120.1907459
2709,20211201,202110,103,1049,臺灣新光商業銀行,永康分行,台南市永康區中正南路659號,23.0377448,120.2325435
2777,20211201,202110,108,528,陽信商業銀行,台南分行,台南市中西區忠義路二段148號,22.9957003,120.203982
2778,20211201,202110,108,555,陽信商業銀行,東寧分行,台南市東區東寧路247號,22.9905925,120.2268976
2779,20211201,202110,108,564,陽信商業銀行,中華分行,台南市東區中華東路三段102號,22.9792044,120.2274417
2780,20211201,202110,108,573,陽信商業銀行,健康分行,台南市南區健康路二段370號,22.982195,120.1873388
2782,20211201,202110,108,607,陽信商業銀行,西華分行,台南市安平區中華西路二段359號,22.993728,120.186396
2783,20211201,202110,108,616,陽信商業銀行,安順分行,台南市安南區安和路一段202號,23.0305133,120.2133278
2812,20211201,202110,108,935,陽信商業銀行,仁德分行,台南市仁德區中正路二段273號,22.95062,120.251398
2814,20211201,202110,108,953,陽信商業銀行,永康分行,台南市永康區中華路625號,23.014707,120.2297215
2893,20211201,202110,118,437,板信商業銀行,台南分行,台南市東區崇明路189號,22.9783929,120.2194941
2901,20211201,202110,118,622,板信商業銀行,成功分行,台南市中西區成功路457號,23.001056100000003,120.1963449
3060,20211201,202110,147,299,三信商業銀行,台南分行,台南市南區大同路2段438號,22.9738377,120.2142627
3135,20211201,202110,188,10,台南第三信用合作社,營業部,台南市中西區中正路7號,22.991937600000004,120.203545
3136,20211201,202110,188,29,台南第三信用合作社,東門分社,台南市東區東門路一段251號,22.9873365,120.2177472
3137,20211201,202110,188,38,台南第三信用合作社,西門分社,台南市中西區西門路二段68號,22.9919936,120.1985081
3138,20211201,202110,188,47,台南第三信用合作社,安平分社,台南市安平區古堡街62號,23.0024221,120.161301
3139,20211201,202110,188,56,台南第三信用合作社,成功分社,台南市北區成功路192號,22.9989993,120.2038175
3140,20211201,202110,188,65,台南第三信用合作社,大同分社,台南市東區大同路二段205號,22.9762122,120.2140915
3141,20211201,202110,188,74,台南第三信用合作社,文賢分社,台南市北區文賢路335號,23.0071718,120.1934909
3142,20211201,202110,188,83,台南第三信用合作社,金華分社,台南市南區金華路二段73號,22.97907480000001,120.1910787
3143,20211201,202110,188,92,台南第三信用合作社,小東分社,台南市北區小東路373號,22.9989054,120.2319979
3144,20211201,202110,188,108,台南第三信用合作社,開元分社,台南市北區開元路335號,23.0084325,120.2218688
3145,20211201,202110,188,117,台南第三信用合作社,中華分社,台南市東區中華東路三段139號,22.9780647,120.2269562
3146,20211201,202110,188,126,台南第三信用合作社,大灣分社,台南市永康區民族路275號,23.0052286,120.2694047
3147,20211201,202110,188,135,台南第三信用合作社,安中分社,台南市安南區安中路一段755號,23.0435167,120.1943512
3180,20211201,202110,215,114,花蓮第一信用合作社,永康分社,台南市永康區中山南路583及583之1號,23.0245971,120.253602
3268,20211201,202110,517,16,南市區漁會,南市區漁會,台南市中西區環河街56號,22.9929284,120.1921259
3269,20211201,202110,517,27,南市區漁會,四草分部,台南市安南區四草里大眾六街130號,23.019035,120.126105
3270,20211201,202110,517,38,南市區漁會,安南分部,台南市安南區城中里安中路六段685號,23.0645689,120.1282937
3271,20211201,202110,518,17,南縣區漁會,南縣區漁會,台南市佳里區進學路240號,23.1643169,120.176243
3272,20211201,202110,518,28,南縣區漁會,七股分部,台南市七股區龍山里1鄰9－11號,23.1260996,120.0954076
3273,20211201,202110,518,39,南縣區漁會,北門分部,台南市北門區鯤江里823號,23.2902206,120.1517133
3274,20211201,202110,518,40,南縣區漁會,將軍港分部,台南市將軍區平沙里1之10號,23.217185,120.095505
3275,20211201,202110,518,51,南縣區漁會,青山港分部,台南市將軍區鯤鯓里50之2號,23.189655,120.0859979
3276,20211201,202110,518,73,南縣區漁會,永吉分部,台南市七股區永吉里51－31號,23.0937255,120.1256186
3277,20211201,202110,519,18,新化區農會,新化區農會,台南市新化區信義路450號,23.0347757,120.3033632
3278,20211201,202110,519,29,新化區農會,那拔林分部,台南市新化區那拔林297號,23.0678064,120.3504867
3279,20211201,202110,519,30,新化區農會,中山分部,台南市新化區中山路243－1號,23.0359483,120.3083403
3311,20211201,202110,541,19,白河區農會,白河區農會,台南市白河區三民路412號,23.3516817,120.4157373
3312,20211201,202110,541,20,白河區農會,市場分部,台南市白河區新富街8之1號,23.3487409,120.4160004
3313,20211201,202110,541,31,白河區農會,玉豐分部,台南市白河區玉豐里22之10號,23.380996600000003,120.4166344
3314,20211201,202110,541,42,白河區農會,關嶺分部,台南市白河區關嶺里3鄰46號,23.3171844,120.5106372
3315,20211201,202110,541,53,白河區農會,竹門分部,台南市白河區竹門里28之13號,23.376539,120.4467349
3316,20211201,202110,542,10,麻豆區農會,麻豆區農會,台南市麻豆區興中路127號,23.1837824,120.2512095
3317,20211201,202110,542,21,麻豆區農會,新生分部,台南市麻豆區油車里14鄰新生北路56號,23.1864349,120.2414377
3318,20211201,202110,542,32,麻豆區農會,復光分部,台南市麻豆區海埔里莊禮寮2號,23.197731,120.212757
3319,20211201,202110,542,43,麻豆區農會,安業分部,台南市麻豆區安業里安業90－2號,23.1602698,120.2466662
3320,20211201,202110,547,15,後壁區農會,後壁區農會,台南市後壁區後壁里97號,23.368281,120.362244
3321,20211201,202110,547,26,後壁區農會,菁寮分部,台南市後壁區墨林里346號,23.3765945,120.3392266
3322,20211201,202110,547,37,後壁區農會,安溪分部,台南市後壁區長安里50號,23.3332989,120.3576569
3323,20211201,202110,547,48,後壁區農會,新東分部,台南市後壁區新東里145之8號,23.3394779,120.3283817
3324,20211201,202110,547,59,後壁區農會,上茄苳分部,台南市後壁區嘉民里203之1號,23.387109,120.382479
3325,20211201,202110,547,60,後壁區農會,竹新分部,台南市後壁區竹新里117之5號,23.3433044,120.3003035
3326,20211201,202110,549,17,下營區農會,下營區農會,台南市下營區中山路一段133號,23.235861,120.2642139
3327,20211201,202110,549,28,下營區農會,中營分部,台南市下營區開化里262－1號,23.2136069,120.275576
3328,20211201,202110,549,39,下營區農會,中興分部,台南市下營區中山路一段40號,23.2348984,120.26194479999998
3329,20211201,202110,549,40,下營區農會,甲中分部,台南市下營區紅甲里中庄子69號,23.2189842,120.2729063
3330,20211201,202110,551,12,官田區農會,官田區農會,台南市官田區隆田里文化街25號,23.19382610000001,120.3183394
3331,20211201,202110,551,23,官田區農會,官田辦事處,台南市官田區官田里122號,23.186192,120.33939
3332,20211201,202110,551,34,官田區農會,渡頭辦事處,台南市官田區渡頭里92號,23.169222,120.326714
3333,20211201,202110,551,45,官田區農會,西庄辦事處,台南市官田區西庄里61－1號,23.1825162,120.2930943
3334,20211201,202110,551,56,官田區農會,湖山辦事處,台南市官田區湖山里99－5號,23.2084736,120.3478746
3335,20211201,202110,551,67,官田區農會,二鎮辦事處,台南市官田區二鎮里67－1號,23.2063507,120.3262535
3336,20211201,202110,552,13,大內區農會,大內區農會,台南市大內區大內里9號,23.1192073,120.3568212
3337,20211201,202110,552,24,大內區農會,頭社分部,台南市大內區頭社里1－10號,23.1433699,120.38473020000002
3338,20211201,202110,552,35,大內區農會,環湖分部,台南市大內區環湖里58之2號,23.1477902,120.4182545
3339,20211201,202110,552,46,大內區農會,二溪辦事處,台南市大內區曲溪里1－17號,23.11742000000001,120.391724
3340,20211201,202110,556,17,學甲區農會,學甲區農會,台南市學甲區仁得里6鄰華宗路315號,23.230796,120.1823668
3341,20211201,202110,556,28,學甲區農會,中洲分部,台南市學甲區光華里6鄰中洲552號,23.245462,120.154119
3342,20211201,202110,556,39,學甲區農會,宅港分部,台南市學甲區宅港里1鄰1之2號,23.2591728,120.1906803
3343,20211201,202110,556,40,學甲區農會,頂洲分部,台南市學甲區三慶里3鄰頂洲106號,23.289733,120.201035
3344,20211201,202110,556,51,學甲區農會,大灣分部,台南市學甲區大灣里11鄰大灣112號,23.2097546,120.1870973
3345,20211201,202110,556,62,學甲區農會,草圣分部,台南市學甲區豐和里1鄰美豐10號,23.217524,120.201777
3346,20211201,202110,557,18,新市區農會,新市區農會,台南市新市區新市里復興路1－1號,23.0792847,120.2954998
3347,20211201,202110,557,29,新市區農會,大社分部,台南市新市區大社里407號,23.0903938,120.3291365
3348,20211201,202110,558,19,安定區農會,安定區農會,台南市安定區安定里58號,23.1219137,120.2373331
3349,20211201,202110,558,20,安定區農會,港口分部,台南市安定區港口里356－1號,23.0933805,120.2311553
3350,20211201,202110,558,31,安定區農會,蘇厝分部,台南市安定區蘇林里249－8號,23.0792166,120.2522997
3351,20211201,202110,558,42,安定區農會,海寮分部,台南市安定區海寮里10－12號,23.0993237,120.2095515
3352,20211201,202110,558,53,安定區農會,中沙分部,台南市安定區中沙里中崙36號,23.0775452,120.213369
3353,20211201,202110,559,10,山上區農會,山上區農會,台南市山上區山上里238號,23.1016299,120.355641
3354,20211201,202110,561,15,左鎮區農會,左鎮區農會,台南市左鎮區中正里98之1號,23.0567783,120.408708
3355,20211201,202110,562,16,仁德區農會,仁德區農會,台南市仁德區仁義里中正路二段1136號,22.9701492,120.251912
3356,20211201,202110,562,27,仁德區農會,保安分部,台南市仁德區保安里保安路一段149號,22.930949,120.2309845
3357,20211201,202110,562,38,仁德區農會,二行分部,台南市仁德區二行里行大街61號,22.9159456,120.2223868
3358,20211201,202110,562,49,仁德區農會,太子分部,台南市仁德區土庫里土庫五街67號,22.9890067,120.2590004
3359,20211201,202110,562,50,仁德區農會,中洲分部,台南市仁德區中洲里336－9號,22.9063718,120.2599266
3360,20211201,202110,562,61,仁德區農會,後壁分部,台南市仁德區後壁里德南路3號,22.9488419,120.2517372
3361,20211201,202110,564,18,關廟區農會,關廟區農會,台南市關廟區中正路963號,22.9622412,120.3288369
3362,20211201,202110,564,29,關廟區農會,龜洞分部,台南市關廟區南雄里7鄰南雄南路612號,22.9037449,120.3506435
3363,20211201,202110,564,30,關廟區農會,埤頭分部,台南市關廟區埤頭里保東路71號,22.9960395,120.3066552
3364,20211201,202110,565,19,龍崎區農會,龍崎區農會,台南市龍崎區崎頂里223號,22.9646618,120.3600762
3365,20211201,202110,565,20,龍崎區農會,龍船分部,台南市龍崎區龍船里30－16號,22.9461437,120.4182466
3366,20211201,202110,567,11,南化區農會,南化區農會,台南市南化區南化里128號,23.0433808,120.4764698
3367,20211201,202110,568,12,七股區農會,七股區農會,台南市七股區大埕里272號,23.1453614,120.144496
3416,20211201,202110,583,13,東山區農會,東山區農會,台南市東山區東中里中興路1號,23.321935,120.403114
3417,20211201,202110,583,24,東山區農會,東原分部,台南市東山區東原里前大埔162號,23.2652399,120.4446072
3418,20211201,202110,583,35,東山區農會,青山分部,台南市東山區青山里2鄰15－11號,23.27718560000001,120.4847242
3419,20211201,202110,583,46,東山區農會,聖賢分部,台南市東山區聖賢里北勢寮91－2號,23.318828,120.362897
3420,20211201,202110,583,57,東山區農會,南溪分部,台南市東山區南溪里2鄰14之9號,23.267589800000003,120.4040725
3653,20211201,202110,618,25,新營區農會,新營區農會,台南市新營區中山路123號,23.304441,120.31748
3654,20211201,202110,618,335,新營區農會,太子宮分部,台南市新營區太北里140之3號,23.2667576,120.376545
3655,20211201,202110,618,346,新營區農會,延平分部,台南市新營區復興路1號,23.302401,120.312874
3656,20211201,202110,618,1066,新營區農會,三民分部,台南市新營區三民路36之14號,23.3075682,120.3196157
3657,20211201,202110,618,1217,新營區農會,中正分部,台南市新營區埤寮里2號,23.330827,120.317657
3658,20211201,202110,618,36,鹽水區農會,鹽水區農會,台南市鹽水區中山路49號,23.3198853,120.2658296
3659,20211201,202110,618,357,鹽水區農會,歡雅分部,台南市鹽水區歡雅里26號,23.292205,120.2415775
3660,20211201,202110,618,368,鹽水區農會,圣頭港分部,台南市鹽水區南港里圣頭港199之1號,23.2521646,120.25559979999998
3661,20211201,202110,618,69,佳里區農會,佳里區農會,台南市佳里區東寧里和平街168號,23.1623705,120.17575349999998
3662,20211201,202110,618,416,佳里區農會,佳興分部,台南市佳里區興化里8鄰483之6號,23.1852076,120.1849082
3663,20211201,202110,618,427,佳里區農會,子龍分部,台南市佳里區子龍里9鄰子良廟165之1號,23.1748639,120.2080061
3664,20211201,202110,618,438,佳里區農會,塭內分部,台南市佳里區龍安里1鄰塭子內10之2號,23.12542,120.162014
3665,20211201,202110,618,449,佳里區農會,延平分部,台南市佳里區頂廓里3鄰28之3號,23.17297210000001,120.1525826
3666,20211201,202110,618,1158,佳里區農會,新生分部,台南市佳里區忠仁里新生路83號,23.1607239,120.179376
3667,20211201,202110,618,81,善化區農會,善化區農會,台南市善化區中山路242號,23.1323394,120.297555
3668,20211201,202110,618,450,善化區農會,東關里分部,台南市善化區大信街1號,23.1302312,120.29246709999998
3669,20211201,202110,618,461,善化區農會,六分寮分部,台南市善化區六德里333之2號,23.1526362,120.2999305
3670,20211201,202110,618,1365,善化區農會,茄拔分部,台南市善化區嘉北里茄拔352之10號,23.137452300000003,120.3224108
3671,20211201,202110,618,92,柳營區農會,柳營區農會,台南市柳營區柳營路二段99號,23.2792102,120.3118064
3672,20211201,202110,618,472,柳營區農會,重溪辦事處,台南市柳營區重溪里12之1號,23.2877204,120.36621940000002
3673,20211201,202110,618,483,柳營區農會,果毅辦事處,台南市柳營區神農里227號,23.2564934,120.3693297
3674,20211201,202110,618,494,柳營區農會,太康辦事處,台南市柳營區太康里55之5號,23.2872369,120.3307145
3675,20211201,202110,618,508,柳營區農會,旭山辦事處,台南市柳營區旭山里山仔腳59之3號,23.270347,120.384743
3676,20211201,202110,618,139,六甲區農會,六甲區農會,台南市六甲區建國街13號,23.229704,120.35236090000002
3677,20211201,202110,618,612,六甲區農會,林鳳營分部,台南市六甲區中社里林鳳營21號,23.2441052,120.3207592
3678,20211201,202110,618,162,西港區農會,西港區農會,台南市西港區文化路2號,23.122603,120.2034329
3679,20211201,202110,618,689,西港區農會,後營分部,台南市西港區營西里1號,23.1394918,120.2162218
3680,20211201,202110,618,715,西港區農會,竹林分部,台南市西港區竹林里18鄰大竹林183號,23.125082,120.185707
3681,20211201,202110,618,184,將軍區農會,將軍區農會,台南市將軍區忠嘉里忠興189號,23.199642,120.158438
3682,20211201,202110,618,771,將軍區農會,苓仔寮分部,台南市將軍區苓仔寮里苓保101號,23.2187395,120.1653154
3683,20211201,202110,618,782,將軍區農會,將軍分部,台南市將軍區將富里48號,23.2159172,120.1354102
3684,20211201,202110,618,793,將軍區農會,馬沙溝分部,台南市將軍區長沙里5號,23.218321600000003,120.1040715
3685,20211201,202110,618,807,將軍區農會,青鯤鯓分部,台南市將軍區鯤鯓里222號,23.1900317,120.0907129
3686,20211201,202110,618,195,北門區農會,北門區農會,台南市北門區北門里125號,23.2661521,120.125729
3687,20211201,202110,618,818,北門區農會,溪底寮分部,台南市北門區文山里40－3號,23.2866026,120.12428529999998
3688,20211201,202110,618,829,北門區農會,蚵寮分部,台南市北門區保吉里339之1號,23.2857867,120.1348039
3689,20211201,202110,618,1206,北門區農會,三慈分部,台南市北門區三光里80號,23.2388091,120.11307990000002
3690,20211201,202110,618,243,臺南市玉井區農會,臺南市玉井區農會,台南市玉井區中正路139號,23.1768834,120.4853685
3691,20211201,202110,618,298,歸仁區農會,歸仁區農會,台南市歸仁區八甲里中正北路1段168號,22.9731405,120.29586299999998
3692,20211201,202110,618,966,歸仁區農會,大潭武東分部,台南市歸仁區武東里中正南路2段269號,22.9162103,120.27229979999998
3693,20211201,202110,618,977,歸仁區農會,大廟分部,台南市歸仁區大廟里大廟6街2號,22.9979577,120.2782164
3694,20211201,202110,618,988,歸仁區農會,新市場分部,台南市歸仁區許厝里中山路1段470號,22.96658,120.297519
3695,20211201,202110,618,1239,歸仁區農會,歸南分部,台南市歸仁區南保里中山路3段172號,22.9680812,120.2838496
3696,20211201,202110,618,324,永康區農會,永康區農會,台南市永康區中山南路635號,23.0254651,120.2550344
3697,20211201,202110,618,1011,永康區農會,大灣分部,台南市永康區大灣路281號,23.0061333,120.2672811
3698,20211201,202110,618,1181,永康區農會,鹽行分部,台南市永康區中正北路75號,23.0416617,120.2398383
3699,20211201,202110,618,1240,永康區農會,中華分部,台南市永康區復國一路350號,23.0111962,120.2465889
3700,20211201,202110,618,1262,永康區農會,崑山分部,台南市永康區永華路12號,23.0061734,120.2591774
3701,20211201,202110,618,1343,永康區農會,龍潭分部,台南市永康區龍中街501號,23.035562,120.2620635
3702,20211201,202110,618,1413,永康區農會,大橋分部,台南市永康區東橋一路151號,23.0185442,120.2335865
3703,20211201,202110,618,1402,楠西區農會,楠西區農會,台南市楠西區楠西里中正路88號,23.1771901,120.484703
4133,20211201,202110,803,124,聯邦商業銀行,台南分行,台南市北區西門路四段271號,23.012967,120.20877
4185,20211201,202110,803,685,聯邦商業銀行,府城分行,台南市中西區中正路92號,22.9924805,120.2005352
4187,20211201,202110,803,700,聯邦商業銀行,富強分行,台南市東區東門路三段15號,22.9808669,120.2302573
4188,20211201,202110,803,711,聯邦商業銀行,開元分行,台南市北區開元路229號,23.0074837,120.220205
4189,20211201,202110,803,722,聯邦商業銀行,南台南分行,台南市南區金華路一段379號,22.9697801,120.190172
4218,20211201,202110,805,67,遠東國際商業銀行,台南分行,台南市東區東門路二段2號,22.9864799,120.2189988
4225,20211201,202110,805,160,遠東國際商業銀行,永康分行,台南市永康區中正北路37號,23.0415951,120.2385259
4261,20211201,202110,805,573,遠東國際商業銀行,崇德分行,台南市東區崇道路87號,22.972273,120.2276237
4279,20211201,202110,806,116,元大商業銀行,永康分行,台南市永康區小東路511號,22.998791,120.235944
4293,20211201,202110,806,297,元大商業銀行,佳里分行,台南市佳里區文化路278號,23.1632647,120.1752738
4312,20211201,202110,806,611,元大商業銀行,台南分行,台南市中西區永華路1段348號,22.987323,120.195492
4315,20211201,202110,806,688,元大商業銀行,府城分行,台南市中西區民生路一段165號,22.9939112,120.2003529
4316,20211201,202110,806,699,元大商業銀行,府東分行,台南市東區東門路二段348號,22.982741600000004,120.2268699
4317,20211201,202110,806,806,元大商業銀行,開元分行,台南市北區勝利路461號,23.005561,120.2187008
4318,20211201,202110,806,828,元大商業銀行,安和分行,台南市安南區安和路一段226號,23.0310851,120.212998
4360,20211201,202110,806,1397,元大商業銀行,北府分行,台南市北區西門路三段157號,23.0037121,120.203934
4377,20211201,202110,806,1582,元大商業銀行,新營分行,台南市新營區中山路117號,23.30473,120.31798
4379,20211201,202110,806,1607,元大商業銀行,金華分行,台南市中西區金華路三段230號,22.995044,120.19378
4381,20211201,202110,806,1629,元大商業銀行,灣裡分行,台南市南區灣裡路211巷88弄12之6號,22.9278995,120.1859613
4382,20211201,202110,806,1630,元大商業銀行,安南分行,台南市安南區安和路5段279號,23.0681906,120.2164497
4422,20211201,202110,809,50,凱基商業銀行,台南分行,台南市中西區西門路二段351號,22.9979663,120.1995923
4441,20211201,202110,809,278,凱基商業銀行,赤崁分行,台南市中西區忠義路二段167號,22.996207,120.20396809999998
4443,20211201,202110,809,304,凱基商業銀行,東門分行,台南市中西區府前路一段26號,22.9890794,120.2102418
4444,20211201,202110,809,315,凱基商業銀行,北門分行,台南市北區開元路133號,23.0068069,120.2182096
4447,20211201,202110,809,348,凱基商業銀行,歸仁分行,台南市歸仁區中正南路一段23號,22.9657913,120.2942496
4448,20211201,202110,809,359,凱基商業銀行,海東分行,台南市安南區海佃路一段129號,23.0228897,120.1916799
4449,20211201,202110,809,371,凱基商業銀行,永康分行,台南市永康區中華路9號,22.9991343,120.2345587
4474,20211201,202110,810,98,星展（台灣）商業銀行,台南分行,台南市中西區南門路101號,22.9879555,120.2045951
4492,20211201,202110,810,319,星展（台灣）商業銀行,東台南分行(客戶移轉至台南分行服務),台南市中西區南門路101號,22.9879555,120.2045951
4516,20211201,202110,815,71,日盛國際商業銀行,台南分行,台南市東區東門路一段358號,22.9864811,120.218249
4537,20211201,202110,815,314,日盛國際商業銀行,新營分行,台南市新營區中山路169號,23.303651,120.315795
4549,20211201,202110,815,439,日盛國際商業銀行,安平分行,台南市安平區永華路二段506號,22.990928,120.1746183
4562,20211201,202110,816,94,安泰商業銀行,台南分行,台南市東區崇仁街6號,22.9844647,120.2221997
4593,20211201,202110,816,429,安泰商業銀行,永康分行,台南市永康區中華路536號,23.0126633,120.2314871
4789,20211201,202110,922,12,臺南地區農會信用部,臺南地區農會信用部,台南市安南區安中路二段300號,23.0470131,120.1852206
4790,20211201,202110,922,23,臺南地區農會信用部,成功分部,台南市北區成功路434號,23.0008756,120.1980515
4791,20211201,202110,922,34,臺南地區農會信用部,聯合分部,台南市南區西門路一段433號,22.9806057,120.1973927
4792,20211201,202110,922,56,臺南地區農會信用部,安順分部,台南市安南區安和路一段242號,23.0312732,120.2128683
4793,20211201,202110,922,67,臺南地區農會信用部,和順分部,台南市安南區安和路四段570號,23.0623759,120.2188531
4794,20211201,202110,922,78,臺南地區農會信用部,土城分部,台南市安南區安中路六段517－1號,23.061162,120.1308864
4795,20211201,202110,922,89,臺南地區農會信用部,灣裡分部,台南市南區明興路977號,22.9321009,120.182915
