匯入時間,統計時間,縣市,停車場名稱,停車場地址,汽車停車位數,機車停車位數,lat,lng
20211201,202110,台南,延平郡王祠大埔街口路外停車場,臺南市中西區開山路與大埔街路口西側,6,0,22.987274,120.208698
20211201,202110,台南,臺南市立棒球場北側路外停車場,臺南市南區健康路1段市立棒球場北側,21,0,22.981203,120.205877
20211201,202110,台南,市立圖書館廣場停車場,臺南市北區公園路市立圖書館前,56,0,23.004306,120.211019
20211201,202110,台南,勝安香草公園路外停車場,臺南市北區開元路63巷勝安香草公園北側,16,0,23.006637,120.215783
20211201,202110,台南,竑穗新營停六停車場,臺南市新營區新營火車站西南側,0,183,23.306363,120.32273
20211201,202110,台南,青年路停E8路外停車場,臺南市東區青年路近育樂街路口南側,74,0,22.991371,120.213666
20211201,202110,台南,大道停6路外停車場,臺南市北區和緯路與北門路口,56,0,23.009284,120.215714
20211201,202110,台南,西門健康停車場,臺南市南區西門路與健康路交叉口,29,0,22.981662,120.197369
20211201,202110,台南,巴克禮紀念公園停車場,臺南市東區中華東路3段之巴克禮紀念公園內,19,19,22.972024,120.223323
20211201,202110,台南,五妃街南側停車場,臺南市中西區五妃街69號旁(近府連路交叉口),56,0,22.982396,120.209069
20211201,202110,台南,五妃街北側停車場,臺南市中西區五妃街60-64號旁(近府連路交叉口),42,0,22.982544,120.209087
20211201,202110,台南,府前路停18停車場,臺南市中西區府前路國立生活美學館側,54,22,22.992228,120.188947
20211201,202110,台南,南門路237巷停車場,臺南市中西區南門路237巷3號右側1061110收費,4,0,22.983286,120.204112
20211201,202110,台南,府前金城臨時停車場,臺南市中西區府前路二段258巷與府前路巷交叉口,7,0,22.992424,120.190714
20211201,202110,台南,321巷藝術聚落路外停車場,臺南市北區公園路321巷尾端,10,25,23.004287,120.208852
20211201,202110,台南,永華國華臨時路外停車場(汽車停車格),臺南市南區永華路及國華街交叉口,5,21,22.987132,120.196353
20211201,202110,台南,大成路一段臨時停車場,臺南市南區大成路一段與水交社路交叉口,102,36,22.974945,120.20028
20211201,202110,台南,中華路橋下西側路外停車場,臺南市東區中華陸橋西側正下方至里民活動中心前方,60,115,22.972502,120.215632
20211201,202110,台南,立德臨時停車場-B區(竑穗興業股份有限公司),臺南市東區立德一路至立德路交叉路口(立德一路東側),15,0,22.976699,120.214742
20211201,202110,台南,立德臨時停車場-C區(竑穗興業股份有限公司),臺南市東區立德一路及立德七路交叉口(立德一路東側),41,0,22.97642,120.214781
20211201,202110,台南,立德臨時停車場-D區(竑穗興業股份有限公司),臺南市東區立德一路與立德六路交叉口(立德一路東側),17,0,22.976094,120.214846
20211201,202110,台南,立德臨時停車場-E區(竑穗興業股份有限公司),臺南市東區立德一路與立德一路3巷交叉口,14,0,22.975831,120.214721
20211201,202110,台南,立德臨時停車場-F區(竑穗興業股份有限公司),臺南市東區立德一路與立德一路4巷交叉口,14,0,22.976132,120.214663
20211201,202110,台南,立德臨時停車場-G區(竑穗興業股份有限公司),臺南市東區立德一路及立德一路5巷交叉口,12,0,22.976392,120.214602
20211201,202110,台南,南門路231巷臨時停車場,臺南市中西區南門路231巷近慶中街,9,0,22.983546,120.205043
20211201,202110,台南,崇善里文康活動中心停車場,臺南市東區仁和路70巷內,17,16,22.975473,120.229694
20211201,202110,台南,小橋公園停車場,臺南市永康區東橋三路與東橋八街交叉口,44,0,23.021144,120.233703
20211201,202110,台南,東橋五路二號公園停車場,臺南市永康區東橋五路23號對面,23,0,23.019268,120.236878
20211201,202110,台南,健康路一段133巷停車場,臺南市南區健康路一段133巷內,55,0,22.978398,120.208784
20211201,202110,台南,北安路一段212巷停車場,臺南市北區北安路一段212巷與22弄交叉口,20,0,23.018934,120.20833
20211201,202110,台南,文賢路365巷停車場,臺南市北區文賢路365巷與365巷18弄轉交叉口,18,0,23.007996,120.193173
20211201,202110,台南,國民路臨時停車場,臺南市南區國民路443-5號旁(殯儀館明德門對面),100,0,22.970373,120.208357
20211201,202110,台南,大興四路外停車場,臺南市北區大興街67巷內,27,0,23.013189,120.192037
20211201,202110,台南,南島路市政園區路外停車場,臺南市安平區臺南市安平區永華路2段6號,160,645,22.990603,120.184917
20211201,202110,台南,府前路市政園區路外停車場,臺南市安平區臺南市安平區永華路2段6號市府北面臨府前路廣場,62,0,22.992667,120.185057
20211201,202110,台南,運河星鑽路外停車場,臺南市中西區府前一路與金華新路交叉口,28,16,22.994312,120.18852
20211201,202110,台南,大港觀海橋路外停車場,臺南市北區中華北路一段263巷旁橋下空間,22,0,23.012169,120.184397
20211201,202110,台南,建平八街路外停車場,臺南市安平區建平八街與永華三街交叉口郵局對面,58,0,22.990713,120.18143
20211201,202110,台南,德祥街路外停車場,臺南市東區德祥街100號對面，德祥街與德昌二街交叉口,72,0,22.967387,120.23711
20211201,202110,台南,大林路111巷路外停車場,臺南市南區大林路111巷內，大林公園南側,28,0,22.974214,120.211842
20211201,202110,台南,公園路路外停車場,臺南市北區臺南轉運站出口北側與公園路295巷間,75,323,23.002775,120.209481
20211201,202110,台南,忠烈祠路外停車場,臺南市南區健康路一段忠烈祠牌樓後,45,31,22.981001,120.210683
20211201,202110,台南,大林路路外停車場,臺南市南區大林路大林國宅後方,70,43,22.976627,120.212107
20211201,202110,台南,建平十二街路外停車場,臺南市安平區建平十二街與府前四街交叉口,77,22,22.994894,120.18487
20211201,202110,台南,體育路路外停車場,臺南市南區體育路歡喜樓餐廳與極限運動場間空地,30,0,22.97879,120.207389
20211201,202110,台南,東橋十一路路外停車場,臺南市永康區東橋十一路與東橋十街交叉口,72,275,23.025695,120.236817
20211201,202110,台南,新美街50巷路外停車場,臺南市中西區新美街50巷2號旁,8,0,22.995106,120.200622
20211201,202110,台南,中興新城路外停車場,臺南市北區前鋒路上(小東路與東豐路間),168,0,23.002686,120.214815
20211201,202110,台南,前鋒路路外停車場,臺南市東區前鋒路博愛國小對面,9,0,22.992823,120.212899
20211201,202110,台南,東橋五路路外停車場,臺南市永康區東橋五路與東橋十二街交叉口,62,0,23.024242,120.234037
20211201,202110,台南,文忠文孝路外停車場,臺南市仁德區仁德區文忠路與文孝路交叉口,106,0,22.972808,120.238594
20211201,202110,台南,中華路58巷路外停車場,臺南市永康區成功里中華路58巷旁,50,0,23.002426,120.23734
20211201,202110,台南,星鑽街路外停車場,臺南市中西區中西區星鑽街旁,46,30,22.994819,120.190655
20211201,202110,台南,大橋里活動中心路外停車場,臺南市永康區大橋里活動中心東側及南側停車格,28,0,23.020674,120.229056
20211201,202110,台南,體育園區羅公亭路外停車場,臺南市南區大林路與體育路交叉口,25,0,22.97417,120.20737
20211201,202110,台南,林森路一段58巷路外停車場,臺南市東區林森路一段56巷與58巷交叉處,10,0,22.980795,120.212881
20211201,202110,台南,河中街路外停車場,臺南市中西區中西區河中街與河中街43巷交叉口,10,0,22.995886,120.193263
20211201,202110,台南,大勇街92巷路外停車場,臺南市中西區府前路二段235巷與金華路三段92巷交叉口,26,0,22.990395,120.191033
20211201,202110,台南,文心文孝路外停車場,臺南市仁德區仁德區文心路與文孝路交叉口,136,72,22.971606,120.240831
20211201,202110,台南,忠孝路路外停車場,臺南市永康區永康區忠孝路永仁高中對面,62,0,23.003239,120.239926
20211201,202110,台南,永華國華臨時路外停車場(機車停車格),臺南市南區國華街與永華路交叉口(藍曬圖文創園區後門),0,21,22.987132,120.196353
20211201,202110,台南,崇善路龍山停車場(台灣國際事業開發有限公司營運),臺南市東區崇善路51號旁(竹篙厝段1678-66(部分)、1679-3、1680(部分)地號,144,21,22.982593,120.221534
20211201,202110,台南,東光路地下停車場(台灣國際開發事業有限公司營運),臺南市東區東光路1段76號,231,0,22.992491,120.231296
20211201,202110,台南,廣二機車停車場(台灣國際開發事業有限公司營運),臺南市東區中華東路3段380巷西側,0,377,22.974407,120.219962
20211201,202110,台南,新營南瀛綠都心停車場(竑穗興業股份有限公司經營),臺南市新營區民權里中正路23-1號B1,279,0,23.3097726,120.3162504
20211201,202110,台南,公園南路停車場(俥亭停車事業股份有限公司經營),臺南市北區海安路與公園南路口,170,0,23.002911,120.200498
20211201,202110,台南,臺南市榮譽街停車場(竑穗興業股份有限公司營運),臺南市東區榮譽街與崇明路口,323,157,22.976453,120.220222
20211201,202110,台南,臺南萬昌街停車場(竑穗興業股份有限公司經營),臺南市中西區青年路226巷6弄路口(中西區萬昌段240-1、241地號),24,0,22.991089,120.210416
20211201,202110,台南,臺南環河街停車場(竑穗興業股份有限公司營運),臺南市中西區環河街62號(中西區康樂段541-1、543等11筆地號),30,0,22.993177,120.192101
20211201,202110,台南,臺南客家文化會館停車場(竑穗興業股份有限公司經營),臺南市南區夏林路4號旁基地(南區正義段190地號),31,0,22.985834,120.194661
20211201,202110,台南,民生路停車場(日月亭股份有限公司營運),臺南市中西區民生路二段400巷西側(原警察局拖吊場),106,46,22.99772,120.188265
20211201,202110,台南,東橋八街停車場(日月亭股份有限公司經營),臺南市永康區東橋八街與東橋三街口,85,0,23.020744,120.233519
20211201,202110,台南,體育之心路外停車場,臺南市南區南門路市立體育場西側,108,250,22.97837,120.204934
20211201,202110,台南,新化廣停二地下停車場,臺南市新化區臺南市新化區中正路498號,52,0,23.038374,120.307532
20211201,202110,台南,北園公兒23路外停車場,臺南市北區北園街114巷,97,312,23.013079,120.224648
20211201,202110,台南,大興公園停車場,臺南市北區大興街(好市多正後方),150,0,23.0117569,120.1928463
20211201,202110,台南,大豐公園停車場,臺南市北區和緯路與武聖路交叉口,18,0,23.0074151,120.1874729
20211201,202110,台南,停2路外停車場(南側),臺南市安平區建平16街近中華西路南側,66,0,22.996565,120.185636
20211201,202110,台南,育平九街停車場,臺南市安平區育平九街與國平路交叉口,72,134,22.995272,120.171261
20211201,202110,台南,龍山里臨時停車場(第一區),臺南市東區東門路二段158巷,23,0,22.984126,120.220115
20211201,202110,台南,龍山里臨時停車場(第二區),臺南市東區府東街21巷,45,49,22.984633,120.219869
20211201,202110,台南,德光里活動中心停車場,臺南市東區東區崇德路德光里活動中心旁附設停車場,27,24,22.979957,120.219151
20211201,202110,台南,竹溪街停車場,臺南市南區竹溪街及健康路一段33巷交叉口,21,0,22.979499,120.210108
20211201,202110,台南,成德停四路外停車場,臺南市北區育德二路與立賢路一段650巷交叉口,88,0,23.008711,120.202871
20211201,202110,台南,賢北街停車場,臺南市北區賢北街與大興街交叉口,70,10,23.008936,120.182962
20211201,202110,台南,西門路育賢停車場(俥亭停車事業股份有限公司經營),臺南市北區西門路4段341巷內,26,0,23.015601,120.208744
20211201,202110,台南,大學路(社E2)停車場(台灣國際開發事業有限公司營運),臺南市東區大學路西段53號西側(東區育樂段302、302-1、302-2地號等3筆土地),150,100,22.996306,120.216256
20211201,202110,台南,關聖里停車場(竑穗興業股份有限公司營運),臺南市東區臺南市東區裕平路39號旁,62,0,22.98518,120.240656
20211201,202110,台南,民族路停車場(中興電工嘟嘟房營運),臺南市東區民族路一段與前鋒路口,25,52,22.994362,120.213503
20211201,202110,台南,大學路(社E1)停車場(中興電工嘟嘟房營運),臺南市東區育樂街66巷及大學路交叉口,52,0,22.996367,120.215784
20211201,202110,台南,永福路停車場(中興電工嘟嘟房營運),臺南市中西區府前路及永福路交叉口,24,0,22.989716,120.200256
20211201,202110,台南,停2路外停車場(北側),臺南市安平區臺南市安平區建平16街近中華西路(北側),92,0,22.996775,120.18568
20211201,202110,台南,崇明路E6停車場,臺南市東區臺南市東區崇明路崇明國中南側,106,0,22.968862,120.225587
20211201,202110,台南,和平公園停車場,臺南市東區臺南市東區文化路100號和平公園旁,79,0,22.976971,120.232186
20211201,202110,台南,德光公園停車場,臺南市東區臺南市東區崇德一街德光公園旁,17,0,22.980255,120.219674
20211201,202110,台南,崇明五街公兒E37停車場,臺南市東區臺南市東區崇明路與崇明五街口西南側,25,0,22.979849,120.217016
20211201,202110,台南,泉南里停車場(委由日月亭股份有限公司營運),臺南市東區臺南市東區長榮路一段15巷內,14,0,22.983101,120.216025
20211201,202110,台南,臺南市東區裕文圖書館停車場(竑穗興業股份有限公司營運),臺南市東區臺南市東區裕文圖書館東側,17,30,22.982001,120.245805
20211201,202110,台南,臺南市東區立德臨時停車場(竑穗興業股份有限公司營運),臺南市東區臺南市東區立德八路南側,113,110,22.976673,120.21488
20211201,202110,台南,平實公園地下停車場,臺南市東區東區平實路101號,203,0,22.992919,120.23638
20211201,202110,台南,善化區臺鐵南科車站東側停車場(機車),臺南市善化區臺南市善化區西拉雅大道與南科火車站善新西路交叉口,0,228,23.107712,120.302394
20211201,202110,台南,善化區臺鐵南科車站西側停車場(機車),臺南市善化區臺南市善化區西拉雅大道與南科火車站交叉路口,0,278,23.107316,120.303056
20211201,202110,台南,善化區臺鐵南科東站東側停車場(汽車),臺南市善化區臺南市善化區西拉雅大道與南科火車站善新西路交叉口,58,0,23.107966,120.302103
20211201,202110,台南,善化區臺鐵南科車站西側停車場(汽車),臺南市善化區臺南市善化區西拉雅大道與南科火車站交叉路口,21,0,23.107982,120.302714
20211201,202110,台南,新市區富中街停車場,臺南市新市區臺南市新市區富中街與民生路交叉路口,122,0,23.079851,120.288075
20211201,202110,台南,新市區富安三街停車場,臺南市新市區臺南市新市區富安三街與富安路交叉路口,166,0,23.081723,120.288867
20211201,202110,台南,新市區明大停車場,臺南市新市區臺南市新市區信義街與綠園一街交叉路口,27,0,23.073274,120.289969
20211201,202110,台南,億載停車場,臺南市安平區永華路2段與光州路路口西南側,86,102,22.991168,120.159479
20211201,202110,台南,水景停車場,臺南市安平區安北路水景公園旁,125,0,22.999175,120.157886
20211201,202110,台南,港濱停車場(第一區),臺南市安平區安億路與平豐路路口西北側,36,0,22.994969,120.163416
20211201,202110,台南,港濱停車場(第二區),臺南市安平區台南市安平區安億路與平豐路交叉口,20,0,22.995055,120.163672
20211201,202110,台南,林默娘停車場,臺南市安平區安億路林默娘公園旁,171,212,22.9928133,120.15703
20211201,202110,台南,LM陽光電城停車場,臺南市新市區臺南市新市區龍目井路北側,95,70,23.109646,120.306574
20211201,202110,台南,復興路公有路外停車場,臺南市永康區臺南市政府消防局第五救災救護大隊復興分隊西側,17,0,22.998754,120.244332
20211201,202110,台南,復華一街公有路外停車場,臺南市永康區復華一街與復華一街19巷交叉口,49,0,23.005287,120.245211
20211201,202110,台南,海安路地下停車場(璨驛股份有限公司經營),臺南市中西區海安路一段188號B1,841,0,22.991037,120.195617
20211201,202110,台南,大宏社區公園停車場(竑穗興業股份有限公司經營),臺南市新營區三民段一地號,24,0,23.307886,120.317136
20211201,202110,台南,永康中華立體停車場,臺南市永康區華興街77號,274,0,23.000707,120.237698
20211201,202110,台南,永康區復國里停(七)停車場,臺南市永康區復國一路150巷26號旁,43,0,23.005257,120.247223
20211201,202110,台南,仁德立體停車場(傳忠有限公司),臺南市仁德區臺南市仁德區正義一街41號,201,72,22.972604,120.253466
20211201,202110,台南,新市國小地下停車場,臺南市新市區中興路1號B1,152,0,23.078299,120.2953306
20211201,202110,台南,長榮崇明停車場(日月亭股份有限公司營運),臺南市東區長榮路一段與長榮路一段15巷交叉口,13,13,22.982578,120.216159
20211201,202110,台南,新營區三民路站前停車場,臺南市新營區新營區三民路與三民路8巷交叉口,79,428,23.307608,120.321036
20211201,202110,台南,麻豆市五停車場,臺南市麻豆區麻豆區中正路80-33號,89,0,23.18557,120.249703
20211201,202110,台南,楠西區都市計畫停二立體停車場,臺南市楠西區楠西區民生路12號,38,96,,
20211201,202110,台南,停2立體停車場,臺南市新市區環東路1段與南科二路,417,70,23.096305,120.284649
20211201,202110,台南,管理局地下停車場,臺南市新市區環東路1段與南科三路,402,467,23.101229,120.282238
20211201,202110,台南,管理局戶外平面停車場,臺南市新市區環東路1段,227,46,23.102632,120.283831
20211201,202110,台南,社區中心停車場,臺南市新市區大順七路與大順三路,121,144,23.102632,120.283831
20211201,202110,台南,西拉雅廣場(公8)停車場,臺南市新市區南科五路,98,153,23.10416,120.282885
20211201,202110,台南,廣停4停車場,臺南市新市區南科五路與環東路2段,463,135,23.10416,120.282885
20211201,202110,台南,停6停車場,臺南市新市區環西路1段,83,51,23.277554,120.320535
20211201,202110,台南,停4停車場,臺南市新市區南科三路與南科南路,71,36,23.098677,120.2801
20211201,202110,台南,停8停車場,臺南市新市區南科三路與環西路1段,313,207,23.09849,120.274981
20211201,202110,台南,霞客湖停車場,臺南市新市區環西路2段,78,87,23.104551,120.274499
20211201,202110,台南,停一,臺南市新市區曼陀林路(新晶43-1、新晶45-1),86,0,23.094786,120.254409
20211201,202110,台南,停六,臺南市新市區紫楝路(新晶69-1),148,46,23.101349,120.26831
20211201,202110,台南,停八,臺南市新市區曼陀林路(新晶23-2、新晶26-0),338,21,23.102496,120.254588
20211201,202110,台南,停九,臺南市新市區堤塘港路(新晶77-1),114,24,23.095249,120.264296
20211201,202110,台南,廣停2停車場,臺南市善化區南科七路與三抱竹路,189,252,23.107428,120.269678
20211201,202110,台南,南科七路路側停車場,臺南市善化區南科七路,20,85,23.108519,120.27125
20211201,202110,台南,公2停車場,臺南市善化區環西路2段,10,292,23.111104,120.270228
20211201,202110,台南,停14停車場,臺南市善化區北園一路,85,164,23.123184,120.267339
20211201,202110,台南,廣停3停車場,臺南市善化區南科七路與環東路2段,534,512,23.112047,120.28097
20211201,202110,台南,公5停車場,臺南市善化區南科八路與環東路2段,57,36,23.116299,120.280436
20211201,202110,台南,停20停車場,臺南市善化區環東路2段,188,70,23.117845,120.279399
20211201,202110,台南,停1,臺南市柳營區工一路南側(義士段114地號),134,52,23.283375,120.357482
20211201,202110,台南,停2,臺南市柳營區環園東路東側(光洋旁)(義士段182地號),151,32,23.27773,120.361661
20211201,202110,台南,停3,臺南市柳營區環園西路與工七路口(德元段258-264地號),170,66,23.272435,120.353089
20211201,202110,台南,停4,臺南市柳營區環園東路東側(榮聖旁)(德元段11地號),113,50,23.269439,120.360795
20211201,202110,台南,停5,臺南市柳營區環園東路東側(公園旁)(義士段170地號),112,9,23.280634,120.362307
20211201,202110,台南,停1停車場,臺南市永康區王行段9地號,67,23,23.043913,120.27479
20211201,202110,台南,停2停車場,臺南市永康區王行里16鄰永科東路300號(王行段37地號),24,53,23.043913,120.27479
20211201,202110,台南,停3停車場,臺南市永康區王行里16鄰永科一路19號(王行段110地號),68,60,23.043913,120.27479
20211201,202110,台南,停4停車場,臺南市永康區王行里16鄰永科環路309號(王行段93地號),66,39,23.040545,120.274313
20211201,202110,台南,停5停車場,臺南市永康區王行里16鄰永科三路77號(王行段116地號),58,57,23.041335,120.278321
20211201,202110,台南,停6停車場,臺南市永康區王行里16鄰永科環路199號(王行段209地號),51,19,23.03618,120.27561
20211201,202110,台南,停7停車場,臺南市永康區王行里16鄰永科東路3號(王行段148地號),56,49,23.037014,120.281659
20211201,202110,台南,停8停車場,臺南市永康區王行里16鄰永科南路160號(王行段211地號),36,40,23.033077,120.276847
20211201,202110,台南,光賢街臨時停車場,臺南市中西區文中51，文小55,104,65,23.004325,120.189348
20211201,202110,台南,108期總安一自辦重劃，廣停9,臺南市安南區洲南六街(加油站後面),34,0,23.058128,120.217987
20211201,202110,台南,滯C北側停車場,臺南市善化區環西路2段與北園二路,10,0,23.118107,120.268919
20211201,202110,台南,水5停車場,臺南市善化區三抱竹路,38,28,23.115621,120.265121
20211201,202110,台南,漁光島停車場,臺南市安平區漁光路海巡隊哨站東側,99,0,22.987749,120.152389
20211201,202110,台南,顯草街機車停車場,臺南市安南區顯草街與媽祖宮一街口東南側,0,63,23.036534,120.125126
20211201,202110,台南,新營客轉市地重劃，廣停1,臺南市新營區新營區新運四街、新運二路(轉運站西側),59,103,23.310985,120.282299
20211201,202110,台南,新營客轉市地重劃，廣停2,臺南市新營區新營區新運三路與新運二路口西南側,7,0,23.30984,120.283439
20211201,202110,台南,樹林街2段254號旁臨時機車停車場,臺南市中西區台南市中西區樹林街2段254號,0,48,22.986135,120.202624
20211201,202110,台南,城平路外免費停車場,臺南市安平區安平漁港管理中心兩側,315,0,22.993024,120.152138
20211201,202110,台南,城平路邊免費停車場,臺南市安平區城平路兩側,113,0,22.994867,120.146567
20211201,202110,台南,漁濱路邊免費停車場,臺南市安平區漁濱路兩側,0,0,22.993654,120.143753
20211201,202110,台南,安港路邊免費停車場,臺南市安平區安港路兩側,69,0,22.990879,120.147844
20211201,202110,台南,大東夜市臨時停車場,臺南市東區東區林森路(大東夜市旁),0,495,22.982656,120.218415
20211201,202110,台南,北成路機車公有停車場,臺南市北區北區北成路(鄭子寮福安宮對面),0,25,23.020407,120.207154
20211201,202110,台南,九六新村停車場,臺南市北區和緯路一段,97,0,23.009462,120.214485
20211201,202110,台南,長勝營區免費公有停車場,臺南市新營區新營區新生路與新進路二段口,92,97,23.30023,120.303052
20211201,202110,台南,佳里區進學路臨時停車場,臺南市佳里區臺南市佳里區進學路與民生路口,55,0,23.16407,120.175636
20211201,202110,台南,安通自辦重劃區公有停車場,臺南市安南區安和路1段263巷66號旁,8,0,23.031631,120.21026
20211201,202110,台南,108期總安一自辦重劃，廣停8,臺南市安南區安南區州南七街與州南十街口東北側,21,0,23.059613,120.215057
20211201,202110,台南,高鐵台南車站停二停車場,臺南市歸仁區高發一路與高發二路中間段南邊(歸仁十三路旁),85,86,22.924998,120.28949
20211201,202110,台南,高鐵台南車站停三停車場,臺南市歸仁區站后一路(歸仁三路與歸仁五路中間),69,0,22.930107,120.28585
20211201,202110,台南,高鐵台南車站停四停車場,臺南市歸仁區站后一路(歸仁五路與歸仁七路中間)北邊,32,0,22.928872,120.28643
20211201,202110,台南,高鐵台南車站停五停車場,臺南市歸仁區站后一路(歸仁五路與歸仁七路中間)南邊,34,0,22.928111,120.28682
20211201,202110,台南,高鐵台南車站停六停車場,臺南市歸仁區武當路(歸仁六路與歸仁八路中間),40,0,22.928378,120.28253
20211201,202110,台南,高鐵台南車站停七停車場,臺南市歸仁區武當路(歸仁八路與歸仁十路中間)北邊,34,0,22.92739,120.28297
20211201,202110,台南,高鐵台南車站停八停車場,臺南市歸仁區武當路(歸仁八路與歸仁十路中間)南邊,34,0,22.9265,120.28337
20211201,202110,台南,高鐵台南車站停九停車場,臺南市歸仁區高鐵八路與高鐵六路口,79,84,22.924336,120.28008
20211201,202110,台南,楠西區都市計畫停二立體停車場,臺南市楠西區民生路12號,12,30,23.176651,120.48599
20211201,202110,台南,南化區玉山停車場,臺南市南化區南化水庫下方「源之旅公園」,226,0,23.092397,120.53399
20211201,202110,台南,麻豆區機三地下停車場,臺南市麻豆區興南路16號,22,0,23.183037,120.24854
20211201,202110,台南,麻豆區新建辦公大樓公共停車場,臺南市麻豆區忠孝路250號,104,71,23.185152,120.25824
20211201,202110,台南,將軍區公一停車場,臺南市將軍區忠興里180-50號，文康中心、圖書館旁(飛砂崙公園),51,25,23.200985,120.16042
20211201,202110,台南,後壁區停車場,臺南市後壁區區公所後方,12,0,23.367016,120.36238
20211201,202110,台南,白河區停三停車場,臺南市白河區新興路與光華路口,60,0,23.352416,120.41986
20211201,202110,台南,東山區停二停車場,臺南市東山區龍鳳街與新東路口,90,15,23.322425,120.40168
20211201,202110,台南,鹽水區停三停車場,臺南市鹽水區治水路268巷(鹽水區農會與衛生所交接處),28,0,23.320063,120.2653
20211201,202110,台南,大內區大內公園廣場停車場,臺南市大內區西拉雅親子公園內(台84頭社交流道旁),116,10,23.142772,120.37054
20211201,202110,台南,臺灣歷史博物館西北側停車場(廣停AN11-1),臺南市安南區館安路與館安二路交叉口,165,70,23.064113,120.22807
20211201,202110,台南,安南區自辦重劃，廣停1,臺南市安南區慈安路與安通二街口,30,0,23.032589,120.20599
20211201,202110,台南,安南區自辦重劃，廣停2,臺南市安南區安西一街與安通一街口,45,0,23.031147,120.20777
20211201,202110,台南,安平港鯤鯓站臨時免費公有停車場,臺南市南區安平港聯外道路(四鯤鯓碼頭管制站前),84,13,22.966607,120.16586
20211201,202110,台南,黃金海岸停車場,臺南市南區西濱公路182.5公里處(黃金海岸旁),328,0,22.935294,120.1761
20211201,202110,台南,舉喜堂路外停車場(廣停S7),臺南市南區明興路1087巷,13,0,22.929536,120.18607
20211201,202110,台南,北成路38巷口臨時免費公有停車場,臺南市北區北成路、北成路38巷口(北成基督教會旁),37,0,23.018889,120.2105
20211201,202110,台南,成功里福安公園臨時免費公有停車場,臺南市北區北成路、北成路186巷、372巷間,19,36,23.021012,120.20759
20211201,202110,台南,北成路，停N15,臺南市北區北成路與北安路一段262巷口,18,0,23.020049,120.2076
20211201,202110,台南,育平七街60巷公有停車場(停8),臺南市安平區育平七街60巷(慶平路安億停車場後方),48,0,22.997178,120.16539
20211201,202110,台南,民權路四段尾臨時免費公有停車場,臺南市安平區民權路4段尾(抽水站旁),96,0,23.002501,120.16587
20211201,202110,台南,郡平路口臨時路外公有停車場,臺南市安平區郡平路(郡平路388號對面),55,32,22.989351,120.16141
20211201,202110,台南,樹屋停車場,臺南市安平區安平區王城路、古堡街146巷口,110,0,23.003599,120.157329
20211201,202110,台南,鹽神白沙灘停車場,臺南市安平區安平區安北路370巷口東側,50,0,23.000893,120.153909
20211201,202110,台南,崇義停車場,臺南市安平區安平區安北路、同平路口北側,350,0,22.999595,120.152164
20211201,202110,台南,漁市場/碧海碼頭停車場,臺南市安平區安平區大平路、世平路口南側,200,0,22.993128,120.151379
20211201,202110,台南,安南區自辦重劃，廣停4,臺南市安南區安西路與安西一街口,11,0,23.031705,120.20929
20211201,202110,台南,安南區自辦重劃，廣停7,臺南市安南區安中二街(頂好公園旁),16,0,23.037295,120.203882
20211201,202110,台南,安南區自辦重劃，廣停8,臺南市安南區北安二街與安中ㄧ街(慈雲公園旁),19,0,23.035798,120.206225
20211201,202110,台南,安南區自辦重劃，廣停3,臺南市安南區安通三街與安西一街,84,0,23.030842,120.205515
20211201,202110,台南,安南區自辦重劃，廣停10,臺南市安南區安通路4段47巷內(樂成公園旁),72,0,23.030752,120.21065
20211201,202110,台南,安平小砲台停車場(西側),臺南市安平區湖內一街西側,0,0,22.99842,120.157997
20211201,202110,台南,安平小砲台停車場(東側),臺南市安平區湖內一街東側,61,0,22.998701,120.158425
20211201,202110,台南,高鐵台南車站停一停車場,臺南市歸仁區高發一路與高發二路中間段北邊(歸仁七路旁),76,129,22.927162,120.2884
20211201,202110,台南,永新社區停車場,臺南市新化區勞工住宅後方(永華一街與金華街一段口),48,0,23.058981,120.296095
20211201,202110,台南,文南街與文善路,臺南市仁德區文南街與文善路,228,0,22.971227,120.241296
20211201,202110,台南,文南街與文忠路,臺南市仁德區文南街與文忠路,133,0,22.972725,120.238332
20211201,202110,台南,保學路停車場,臺南市仁德區保學路與保學一街55巷口,19,15,22.919652,120.23509
20211201,202110,台南,城光自辦市地重劃停車場,臺南市仁德區文宏路與文宏一街口,20,0,22.976108,120.243115
20211201,202110,台南,林仔鐘厝自辦重劃停車場,臺南市仁德區義林一街與義林五街、六街口,27,0,22.969127,120.26155
20211201,202110,台南,87期安中二自辦重劃，廣停6,臺南市安南區北安路二段433巷(梅花里活動中心旁),55,0,23.039387,120.199503
20211201,202110,台南,安富街，廣停6,臺南市安南區安富街(海佃國中前),28,0,23.027292,120.199082
20211201,202110,台南,建國路康樂街臨時停車場,臺南市柳營區建國路與康樂街路口,12,0,23.277554,120.320535
20211201,202110,台南,青年路東市場公有停車場,臺南市中西區青年路近萬昌街路口南側,2,116,22.991511,120.210301
20211201,202110,台南,崇義C1、C2,臺南市安平區安北路、同平路口北側,350,0,22.999816,120.151948
20211201,202110,台南,運河博物館,臺南市安平區運河路5號對面,32,37,22.998679,120.163281
20211201,202110,台南,大潤發前,臺南市安平區華平路、郡平路口,572,270,22.988849,120.174057
20211201,202110,台南,新都路(南側)臨時免費公有停車場,臺南市南區新都路、永吉街口(鹽埕段1819、1831地號),121,0,22.9665,120.19408
20211201,202110,台南,民治市政中心停車場,臺南市新營區台南市新營區民治路36號,339,247,23.311575,120.315051
20211201,202110,台南,迎曦湖南側停車場,臺南市新市區環東路1段,63,44,23.084882,120.284302
20211201,202110,台南,迎曦湖北側停車場,臺南市新市區環東路1段,55,40,23.089256,120.286029
20211201,202110,台南,安億路路外停車場,臺南市安平區安億路與慶平路路口東南側,393,274,22.997425,120.16404
20211201,202110,台南,怡平停九免費臨時停車場,臺南市安平區怡平路、永華6街口,36,0,22.993263,120.17711
20211201,202110,台南,運河路，停3(休憩碼頭),臺南市安平區運河路(觀景台、金城里活動中心旁),108,120,22.996402,120.1597
20211201,202110,台南,文平路與建平五街免費臨時停車場,臺南市安平區文平路、建平五街口,64,0,22.98782,120.17786
20211201,202110,台南,本原街3段，停1,臺南市安南區本原街3段、智安三街口(本淵寮公有零售市場東側),48,0,23.053144,120.17765
20211201,202110,台南,安順里臨時免費公有停車場,臺南市安南區總安街1段、育安街口,55,21,23.051342,120.21535
20211201,202110,台南,東興路公有停車場,臺南市新營區東興路、東興八街(衛生局旁),57,28,23.315834,120.32295
20211201,202110,台南,民族路停車場,臺南市新營區民族路308巷口(防疫所後方),63,0,23.318612,120.319367
20211201,202110,台南,湖美街60巷臨時免費公有停車場,臺南市中西區湖美街60巷(西湖社區活動中心旁),35,30,23.001348,120.18046
20211201,202110,台南,崇善停車場,臺南市東區崇善路913巷6弄口（德高段349地號）,4,0,22.965755,120.233832
20211201,202110,台南,凱旋臨時停車場,臺南市東區中華東路與凱旋路口(東光段1011地號),271,0,22.992103,120.233264
20211201,202110,台南,西拉雅停車場,臺南市白河區溫泉段546地號土地(統茂會館旁),91,0,23.336388,120.50455
20211201,202110,台南,西拉雅(一)停車場,臺南市白河區溫泉段577地號土地(統茂會館斜對面),23,0,23.33639,120.504326
20211201,202110,台南,文化商場地下收費停車場,臺南市東區中華東路3段336巷53號地下1樓,34,0,22.975339,120.220763
20211201,202110,台南,娛樂城停車場,臺南市中西區公園路60號,84,0,22.995506,120.206413
20211201,202110,台南,台灣聯通台南小東停車場,臺南市東區小東路190號旁空地（光明段6071-2地號）,30,0,22.999756,120.227488
20211201,202110,台南,TimesUniqlo台南文賢路店平面停車場,臺南市北區文賢路996號,45,0,23.012586,120.194221
20211201,202110,台南,台灣聯通台南永康停車場,臺南市永康區中山南路119巷12號旁(永康段1151地號),43,0,23.01363,120.229683
20211201,202110,台南,台灣聯通台南莊敬停車場,臺南市東區莊敬路270號對面(東光段51-16、51-17、51-18、51-19地號等4筆土地),146,0,22.997197,120.233599
20211201,202110,台南,台南自由停車場,臺南市東區自由路一段79號旁(德高段106、106-1、107、126-2地號),52,0,22.96738,120.234425
20211201,202110,台南,台南活水路樹谷園區停車場,臺南市新市區活水路1號,242,32,23.104445,120.261405
20211201,202110,台南,翰林停車場,臺南市東區東區自由路三段210號旁(虎尾寮段532-1、533-2、532-3、532-4、532-101、533-1、533-2、533-3、533-9地號),89,0,22.97924,120.237868
20211201,202110,台南,GoLine台南長榮停車場,臺南市北區北區長榮路四段221號旁(仁愛段560、620地號),17,0,23.007225,120.220856
20211201,202110,台南,新樓醫院停車場,臺南市東區東門路1段57號,175,0,22.989099,120.212687
20211201,202110,台南,TimesUniqlo台南新營復興路店平面停車場,臺南市新營區復興路490號,38,0,23.305284,120.29905
20211201,202110,台南,台南西門停車場,臺南市中西區友愛街177號對面,38,0,22.991848,120.197869
20211201,202110,台南,文東停車場,臺南市東區文東路30巷24號(東區德高段481-3號),6,0,22.960811,120.233533
20211201,202110,台南,TimesUNIQLO臺南永康永大路店停車場,臺南市永康區永大路三段168號,43,0,23.031159,120.260281
20211201,202110,台南,大遠百停車場,臺南市東區前鋒路210號,530,0,22.996316,120.214833
20211201,202110,台南,郭綜合醫院立體停車場,臺南市中西區民生路2段27號,106,0,22.994758,120.19839
20211201,202110,台南,日月亭健康路停車場,臺南市南區健康路二段386號旁(新興段233-21，233-22與233-23等3筆地號),20,0,22.982432,120.186874
20211201,202110,台南,Times崇善十街停車場,臺南市東區崇善十街61號(東區竹篙段3685地號),49,0,22.97172,120.232003
20211201,202110,台南,五都停車場高鐵台南二站,臺南市歸仁區高鐵大道與高鐵一路交叉口（武東段366-6~366-12地號）,185,0,22.922471,120.282606
20211201,202110,台南,華興段008-0000私人停車場,臺南市北區南園街127巷106弄82號旁空地(北區華興段8地號土地),6,0,23.008604,120.229746
20211201,202110,台南,綠園停車場,臺南市中西區中山路39號(中西區三民段74地號土地),13,0,22.993383,120.206207
20211201,202110,台南,七股鹽山停車場,臺南市七股區鹽埕里66號,80,22,23.154948,120.098966
20211201,202110,台南,柳營新天地停車場,臺南市柳營區太康村201-10號,341,303,23.289913,120.329166
20211201,202110,台南,助安168台南北門停車場,臺南市中西區北門路一段101號地下室(中西區青年段503、508、509、510、512及859地號等6筆土地),35,0,22.992244,120.211521
20211201,202110,台南,見橋停車場,臺南市永康區中華路870號旁空地(六甲頂段522地號),0,91,23.021339,120.22181
20211201,202110,台南,寶立成停車場,臺南市東區中華東路2段22巷14弄西側,4,0,22.987912,120.232912
20211201,202110,台南,盛川停車場,臺南市永康區臺南市永康區中華路829號旁(大橋車站前),0,68,23.019417,120.224546
20211201,202110,台南,Times中華西和緯停車場,臺南市中西區臺南市中西區和緯路四段305號,13,0,23.006439,120.186493
20211201,202110,台南,東門停車場,臺南市東區臺南市東區東門路一段187號旁,23,0,22.987678,120.215782
20211201,202110,台南,石門國民小學停車場,臺南市安平區安平路700號,14,0,22.999626,120.166319
20211201,202110,台南,烏山頭水庫風景區停車場,臺南市官田區嘉南里68-2號,302,5,23.207948,120.363147
20211201,202110,台南,台灣聯通台南小北停車場,臺南市北區臺南市北區西門路4段111號(北區小北段1889、1889-2地號),83,191,23.009112,120.206828
20211201,202110,台南,康利福停車場,臺南市永康區臺南市永康區奇美醫院第五醫療大樓旁(永康區頂南段793~797、801地號),104,0,23.019532,120.221671
20211201,202110,台南,走馬瀨農場停車場,臺南市大內區二溪里唭子瓦60號,137,10,23.136501,120.429929
20211201,202110,台南,捷美停車場,臺南市安平區臺南市安平區金華段35-12地號,29,0,22.99246,120.17142
20211201,202110,台南,台灣聯通台南大東停車場,臺南市東區臺南市東區長榮路1段223號旁空地,157,0,22.985222,120.218129
20211201,202110,台南,關子嶺風景特定區白河水庫停車場,臺南市白河區仙草里1-18號,29,9,23.333585,120.458797
20211201,202110,台南,成大醫院汽機車停車場,臺南市北區小東路35號,423,485,23.001557,120.218078
20211201,202110,台南,東門三多停車場,臺南市東區臺南市東區東門路3段226巷內,177,0,22.976081,120.235277
20211201,202110,台南,台灣聯通台南安中停車場,臺南市安南區臺南市安南區怡安路2段535巷6弄4號對面空地,46,0,23.043979,120.195405
20211201,202110,台南,順民族停車場,臺南市中西區民族路2段81號,27,0,22.994521,120.209264
20211201,202110,台南,新興停車場,臺南市南區臺南市南區聖南街83號旁,7,0,22.979458,120.190458
20211201,202110,台南,嘉年華購物中心停車場,臺南市仁德區仁愛里1211號,710,391,22.946418,120.221417
20211201,202110,台南,奇美博物館P1,臺南市仁德區臺南市仁德區文華路二段62號(奇美博物館正門南側),81,0,22.934484,120.221216
20211201,202110,台南,奇美博物館P2,臺南市仁德區臺南市仁德區文華路二段62號(奇美博物館正門北側),185,0,22.934484,120.221216
20211201,202110,台南,奇美博物館P3,臺南市仁德區臺南市仁德區文華路二段62號(文華路虎山橋旁),63,309,22.937478,120.224646
20211201,202110,台南,俥亭中華東路停車場,臺南市東區臺南市東區中華東路2段311號旁,17,0,22.981901,120.230742
20211201,202110,台南,詮營股份有限公司台南（一）收費處,臺南市歸仁區武東段241地號(高鐵橋下-歸仁八路與歸仁十路間),186,0,22.928577,120.284453
20211201,202110,台南,永固便利停車新凱旋停車場,臺南市東區臺南市東區東光路一段與凱旋路交叉口空地,296,0,22.993337,120.22979
20211201,202110,台南,竑穗水交社停車場,臺南市南區臺南市南區興昌路南側空地,187,0,22.976226,120.199062
20211201,202110,台南,曾文水庫風景區停車場,臺南市楠西區密枝里70號,145,8,23.210457,120.496897
20211201,202110,台南,虎頭埤風景區附設停車場,臺南市新化區新化區中興路42巷36號(新化段王公廟小段1090-11地號),53,8,23.027103,120.335162
20211201,202110,台南,新光三越百貨股份有限公司台南西門分公司停車場,臺南市中西區西門路1段658號,1515,0,22.986936,120.199802
20211201,202110,台南,福吉停車場,臺南市南區臺南市南區健康路2段198巷,19,0,22.982099,120.19209
20211201,202110,台南,臺南萬年二街停車場,臺南市南區臺南市南區萬年二街與萬年五街交叉路口,94,0,22.932832,120.188612
20211201,202110,台南,臺南萬年六街停車場,臺南市南區臺南市南區萬年六街與萬年一街交叉路口,149,0,22.932032,120.184744
20211201,202110,台南,臺南萬年五街停車場,臺南市南區臺南市南區萬年五街與萬年七街102巷交叉路口,136,0,22.931939,120.18909
20211201,202110,台南,南科停車場,臺南市善化區臺南市善化區善新段299地號,48,18,23.110159,120.302812
20211201,202110,台南,新光三越百貨股份有限公司台南西門分公司二館停車場,臺南市中西區永福路1段189號地下4樓,212,0,22.987969,120.200007
20211201,202110,台南,永康區農會停車場,臺南市永康區中正南路635號,12,7,23.025496,120.255012
20211201,202110,台南,頑皮世界股份有限公司停車場,臺南市學甲區臺南市學甲區三慶里頂洲75-25號,220,64,23.283586,120.208742
20211201,202110,台南,思源停車場,臺南市安南區臺南市安南區安和路四段101巷,15,0,23.053088,120.21774
20211201,202110,台南,台糖長榮酒店（台南）第二停車場,臺南市東區臺南市東區中華東路三段401號(竹篙厝段4064地號),137,0,22.97309,120.220453
20211201,202110,台南,助安168台南高鐵停車場,臺南市歸仁區臺南市歸仁區歸仁十路旁高鐵高架橋下（武東段69地號）,114,0,22.926631,120.285428
20211201,202110,台南,日月亭五妃廟停車場,臺南市中西區臺南市中西區南門路237巷4號對面,61,0,22.983251,120.204714
20211201,202110,台南,Times台南府連路停車場,臺南市中西區臺南市東區府連路(龍泉段565地號),21,0,22.98613,120.217316
20211201,202110,台南,Times台南海安路一段停車場,臺南市中西區臺南市中西區海安路一段(保安段313地號),14,0,22.98934,120.195295
20211201,202110,台南,Times台南永康中正路停車場,臺南市永康區臺南市永康區中正路148巷,43,0,23.0312,120.253589
20211201,202110,台南,五都停車場高鐵台南站,臺南市歸仁區台南高鐵特定區歸仁八路與武當路交叉口,414,16,22.927922,120.283697
20211201,202110,台南,宏益停車場,臺南市永康區臺南市永康區中山路411號旁,0,193,23.037419,120.254003
20211201,202110,台南,五福停車場,臺南市永康區臺南市永康區五福街（南新段450-1、476-2地號）,43,0,23.013346,120.233846
20211201,202110,台南,芝凡企業社停車場,臺南市新市區臺南市新市區富林路（新北段105、105-1地號）,28,0,23.080612,120.290995
20211201,202110,台南,詮營股份有限公司台南(二)收費處停車場,臺南市永康區臺南市永康區中華路893巷(頂南段463、708地號),18,21,23.019082,120.223875
20211201,202110,台南,台灣聯通台南忠義停車場,臺南市中西區忠義路2段177號旁(觀音段718、726、727、728地號),13,0,22.996748,120.204157
20211201,202110,台南,助安168台南善化停車場,臺南市善化區臺南市善化區文賢街25號旁空地(善文段559、561地號),26,0,23.130592,120.293599
20211201,202110,台南,博客停車場開發股份有限公司燦坤鹽行場,臺南市永康區臺南市永康區中正北路45號旁(鹽新段1122、1123地號),4,0,23.041635,120.23912
20211201,202110,台南,臺南市永華國民運動中心停車場,臺南市中西區臺南市中西區中華西路二段30號(環河段2550地號),81,115,22.989636,120.1882
20211201,202110,台南,竑穗中醫安南停車場,臺南市安南區臺南市安南區長和路二段66號(長和段865、865-1、866地號),190,0,23.064159,120.223784
20211201,202110,台南,台灣聯通台南安平停車場,臺南市安平區臺南市安平區健康路三段(漁光段48-13、95-2地號),164,0,22.984427,120.163343
20211201,202110,台南,廷勝停車場,臺南市北區臺南市北區開元路485巷內(開元段588-35、588-78地號),7,0,23.010761,120.224502
20211201,202110,台南,泰豐停車場,臺南市仁德區中洲里307-2號,0,152,22.904892,120.252826
20211201,202110,台南,歐特儀股份有限公司CARIN和緯站停車場,臺南市北區臺南市北區和緯路2段30號旁空地(正興段761、761-2、761-3、762、763、766、766-1、766-2、738地號),47,0,23.01126,120.209752
20211201,202110,台南,安怡停車場,臺南市安南區臺南市安南區安中路1段560巷25號旁(怡中段1010、1011、1011-1地號),11,0,23.041486,120.200338
20211201,202110,台南,新東安臨時停車場,臺南市東區臺南市東區東安路32號(光明段575、576、577地號),96,0,22.991875,120.226227
20211201,202110,台南,Times台南永康永二街（月租）停車場,臺南市永康區臺南市永康區永二街258號旁(二王段1226、1228地號),23,0,23.018016,120.250224
20211201,202110,台南,五都停車場車寶貝站,臺南市歸仁區臺南市歸仁區歸仁八路與高鐵二路交叉路口(武東段261-1地號),135,0,22.927101,120.281072
20211201,202110,台南,Times台南U.I.JHotelHostel停車場,臺南市中西區臺南市中西區友愛街115巷5號,29,0,22.990889,120.199656
20211201,202110,台南,新營醫院停車場,臺南市新營區臺南市新營區信義街73號(民治段359地號),67,0,23.308246,120.313372
20211201,202110,台南,文慧停車場,臺南市關廟區花園一街80號旁(北花段994地號),3,0,22.961623,120.336446
20211201,202110,台南,新光三越百貨股份有限公司台南中山分公司停車場,臺南市中西區中山路162號,268,0,22.994518,120.209903
20211201,202110,台南,華成停車場,臺南市安平區臺南市安平區育平9街22巷(金華段54-20、54-21地號),3,0,22.995908,120.175054
20211201,202110,台南,高雄榮總臺南分院停車場,臺南市永康區臺南市永康區復興路427號旁(永中段479、480、487、488、497地號),88,90,22.997604,120.240179
20211201,202110,台南,臺南文南路停車場,臺南市南區臺南市南區文南路128號旁(正義段674、674-1、674-2、674-3、674-4、674-5地號),8,0,22.985316,120.190104
20211201,202110,台南,竑穗華平二站停車場,臺南市安平區臺南市安平區華平路515號旁(金華段51-7地號),17,0,22.994064,120.175394
20211201,202110,台南,嘟嘟房台南安平運河站,臺南市安平區臺南市安平區運河路11號對面(安億橋旁),94,0,22.998742,120.162539
20211201,202110,台南,高雄榮總臺南分院機車停車場,臺南市東區臺南市東區精忠段153-2地號(高雄榮總台南分院對面),0,78,22.99801,120.239819
20211201,202110,台南,土虱堀停車場,臺南市永康區臺南市永康區永大一路307號對面（文化段135地號）,21,0,23.015416,120.253798
20211201,202110,台南,德根停車場,臺南市永康區臺南市永康區文化街235巷3弄(大灣段6594、6594-1、6594-2、6594-3、6594-4、6594-5地號),16,0,23.01477,120.255979
20211201,202110,台南,新日進停車場,臺南市永康區臺南市永康區永和街與永和街100巷路口（永二段187、188、189、191地號）,38,0,23.017993,120.255046
20211201,202110,台南,Times台南文化二街停車場,臺南市東區臺南市東區文化二街(仁和段1290、1293、1293-1地號),58,0,22.977948,120.23259
20211201,202110,台南,安富農停車場,臺南市東區臺南市東區自由路三段155巷30號旁(虎尾寮段500-4、500-5、500-6、500-15、500-16、500-17地號共6筆土地),46,0,22.981307,120.236274
20211201,202110,台南,麻豆市五停車場,臺南市麻豆區臺南市麻豆區中正路80號(保安段347地號),89,0,23.186097,120.249837
20211201,202110,台南,奇美醫療財團法人佳里奇美醫院停車場,臺南市佳里區臺南市佳里區興化里606號（興化段349、349-1、349-2、350、350-1、351、351-1、376、381、382地號),145,0,23.18291,120.183744
20211201,202110,台南,成功路停車場,臺南市中西區忠義路2段237號旁(觀音段577、580、581、582地號),25,0,22.998212,120.204623
20211201,202110,台南,台南西門二停車場,臺南市中西區西門路一段430號旁,17,0,22.982328,120.19771
20211201,202110,台南,臺南站前永發停車場,臺南市東區臺南市東區北門路二段（育樂段6022-1地號）,0,138,22.998037,120.212468
20211201,202110,台南,科技部南部科學園區管理局台南科學園區第二期標準廠房附屬地下停車場,臺南市新市區臺南市新市區南科三路17號等地下1樓（新科段135地號）,212,0,23.097548,120.281881
20211201,202110,台南,鈦興停車場,臺南市中西區健康路1段390巷地下室,44,0,22.981965,120.198724
20211201,202110,台南,阿福停車場,臺南市永康區臺南市永康區永勝街近文化路口（大灣段6562-1、6563-3地號）,12,0,23.015346,120.255115
20211201,202110,台南,中華路停車場,臺南市新營區臺南市新營區中華路5號空地（民權段69地號）,8,0,23.305048,120.315582
20211201,202110,台南,台灣聯通台南崇明停車場,臺南市東區臺南市東區崇明五街31號旁（竹篙厝段2089、2089-6地號）,7,0,22.97994,120.216825
20211201,202110,台南,奇美醫療財團法人柳營奇美醫院,臺南市柳營區太康村201號,296,0,23.290288,120.325346
20211201,202110,台南,張瑞祥停車場,臺南市永康區臺南市永康區永大一路（大灣段6448、6448-1、6448-2地號）,13,0,23.01706,120.25684
20211201,202110,台南,阿卡停車場,臺南市中西區臺南市中西區中山路164巷(廣慈段140、140-1地號),0,197,22.995177,120.21032
20211201,202110,台南,阿凡達停車場,臺南市中西區臺南市中西區海安路二段306號旁（普濟段311地號）,17,0,22.999153,120.198312
20211201,202110,台南,龍昇停車場,臺南市歸仁區臺南市歸仁區歸仁大道與歸仁五路交叉路口（武東段130-2、131地號）,154,0,22.929313,120.284886
20211201,202110,台南,中正停車場,臺南市中西區中正路313號旁(府前段1269等地號),92,0,22.993467,120.195252
20211201,202110,台南,盛川永康停車場,臺南市永康區臺南市永康區臺鐵永康站旁（四維段48、49、50、51、52地號）,0,61,23.038187,120.253387
20211201,202110,台南,盛川大橋停車場,臺南市永康區臺南市永康區臺鐵大橋站附近（六甲頂段519地號）,0,35,23.019721,120.224587
20211201,202110,台南,竑穗國泰置地停車場,臺南市中西區臺南市中西區和意路1號B1~B3、B5~B7(南門段1054、1055、1057地號),785,1111,22.988295,120.199559
20211201,202110,台南,臺南新營後站停車場,臺南市新營區臺南市新營區後火車站旁(新營段15、30-3地號),14,91,23.305807,120.323518
20211201,202110,台南,煙波大飯店停車場,臺南市中西區臺南市中西區永福路1段269號B1~B2（南門段704地號）,121,103,22.989209,120.199897
20211201,202110,台南,噗噗車棧-富農店,臺南市東區臺南市東區富農街一段131巷25弄(富農段911地號),38,0,22.981733,120.233745
20211201,202110,台南,全聯台南開元停車場,臺南市北區臺南市北區開元路153號,12,0,23.006991,120.219087
20211201,202110,台南,FOCUS停車場,臺南市中西區中山路166號,241,0,22.995827,120.21034
20211201,202110,台南,尖山埤江南渡假村停車場,臺南市柳營區旭山里60號,313,0,23.266749,120.392637
20211201,202110,台南,百創中洲停車場,臺南市仁德區臺南市仁德區臺鐵中洲站旁（中洲東段1086地號）,0,103,22.904451,120.252904
20211201,202110,台南,五都停車場高鐵台南五站,臺南市歸仁區臺南市歸仁區歸仁十路與武當路口西北側(武東段264地號）,267,79,22.926118,120.283402
20211201,202110,台南,育平健康停車場,臺南市安平區臺南市安平區健康路三段與育平路交叉路口（金華段109地號）,298,0,22.985336,120.166445
20211201,202110,台南,五福二停車場,臺南市永康區臺南市永康區五福街（南新段466、466-1、467(部分)、467-1、476-1地號）,25,0,23.01305,120.233097
20211201,202110,台南,五都停車場高鐵台南三站,臺南市歸仁區武當路與高鐵大道交叉口（武東段268地號）,59,39,22.925039,120.283806
20211201,202110,台南,Times台南崇明三街停車場,臺南市東區臺南市東區崇明三街近崇德路口（竹篙厝段1994、1994-33地號）,6,0,22.981051,120.2176
20211201,202110,台南,Times台南東和路停車場,臺南市東區臺南市東區東和路93號對面（光明段6091地號）,10,0,22.998558,120.227979
20211201,202110,台南,永華國平停車場,臺南市安平區臺南市安平區永華路二段與國平路交叉口（金華段93、93-1地號）,261,0,22.990799,120.17081
20211201,202110,台南,永固便利停車台南一站停車場,臺南市東區臺南市東區中華東路二段75號旁（虎尾寮段371-27、371-22地號）,29,0,22.986293,120.233525
20211201,202110,台南,Times台南文平路停車場,臺南市安平區臺南市安平區文平路545號旁（金華段5-1、5-2、5-40地號）,28,0,22.996401,120.178989
20211201,202110,台南,衛生福利部臺南醫院收費停車場,臺南市中西區臺南市中西區中山路125號,253,460,22.995136,120.20891
20211201,202110,台南,地王停車場,臺南市中西區臺南市中西區民權路4段232號旁（成光段1504、1505、1509地號）,27,0,22.999237,120.179904
20211201,202110,台南,億載金城停車場,臺南市安平區臺南市安平區光州路3號（金城段41地號）,38,0,22.988582,120.160021
20211201,202110,台南,台灣聯通台南裕農停車場,臺南市東區裕農路375號旁(新東段77，78，79地號),139,0,22.987197,120.229929
20211201,202110,台南,新營區三民路站前停車場,臺南市新營區臺南市新營區三民路與三民路8巷交叉口（民族段706地號）,79,428,23.307545,120.321039
20211201,202110,台南,TIMES寶雅台南永康停車場,臺南市永康區中華路106號,13,0,23.002719,120.235188
20211201,202110,台南,Times台南民族路二段停車場,臺南市中西區臺南市中西區民族路2段149號旁（中山段500地號部份）,5,0,22.995079,120.207371
20211201,202110,台南,噗噗車棧-中華店,臺南市永康區臺南市永康區中華路103號旁(兵南段254、263地號),101,0,23.001708,120.234861
20211201,202110,台南,麗新大酒店停車場,臺南市永康區臺南市永康區中正北路222號,83,0,23.041484,120.245021
20211201,202110,台南,嘟嘟房臺南建平站停車場,臺南市安平區臺南市安平區建平七街418號旁（金華段141-5、141-6、141-17地號）,13,0,22.989297,120.176
20211201,202110,台南,竑穗東興停車場,臺南市東區臺南市東區東興路(光明段428-2、428-3地號),36,0,22.991125,120.228695
20211201,202110,台南,永固東寧停車場,臺南市東區臺南市東區東光路與東寧路口（東光段1002、1003地號）,316,1057,22.990386,120.231433
20211201,202110,台南,興來停車場,臺南市永康區臺南市永康區永二段1225、1225-27地號,48,0,23.017729,120.251141
20211201,202110,台南,六藝復興停車場,臺南市東區臺南市東區自由路三段376號旁（虎尾寮段480-57地號）,25,0,22.98194,120.237316
20211201,202110,台南,新長越民權路停車場,臺南市中西區臺南市中西區民權路2段254號空地（新美段578地號）,14,0,22.996007,120.200376
20211201,202110,台南,竑穗永福停車場,臺南市南區臺南市南區健康路1段近永福路口（鹽埕段1-656、1-657、169-2、168-53、168-3、169-43地號）,31,0,22.981218,120.20006
20211201,202110,台南,臺南市美術館停車場,臺南市中西區臺南市中西區忠義路二段1號(臺南市美術館2館B1、B2),543,149,22.98999,120.20095
20211201,202110,台南,崇信浮生六記地下一樓停車場,臺南市東區臺南市東區崇信街97號B1,43,0,22.980216,120.227522
20211201,202110,台南,台灣聯通民生停車場,臺南市中西區民生路2段279號,132,0,22.996694,120.192082
20211201,202110,台南,台南都會公園文賢停車場,臺南市仁德區臺南市仁德區文華路二段62號(公園段230~234地號等5筆土地),687,214,22.936676,120.228188
20211201,202110,台南,竑穗成功大學醫學中心附屬停車場,臺南市北區臺南市北區勝利路138號（東興段845地號）,55,62,23.001281,120.218925
20211201,202110,台南,HotelA聖禾大飯店停車場,臺南市中西區臺南市中西區西門路二段23號B1~B2,34,50,22.990961,120.197537
20211201,202110,台南,南紡購物中心停車場,臺南市東區中華東路1段366號,1007,1958,22.989882,120.233606
20211201,202110,台南,齊杉建平華平停車場,臺南市安平區臺南市安平區建平七街近華平路口（金華段139地號）,22,0,22.989508,120.174301
20211201,202110,台南,明德和平停車場,臺南市關廟區臺南市關廟區和平路與明德街口（南花段907、910地號）,27,0,22.960101,120.33357
20211201,202110,台南,和雲台南成功站停車場,臺南市北區臺南市北區成功路22巷3號（公園段629-2、765、765-7地號）,45,0,22.999063,120.208996
20211201,202110,台南,大集停車場,臺南市東區臺南市東區文化二街（仁和段158地號）,4,0,22.975917,120.233461
20211201,202110,台南,嘟嘟房永康東橋站停車場,臺南市永康區臺南市永康區東橋六街15號對面（橋北段82、82-7~12地號共7筆土地）,38,0,23.019109,120.233972
20211201,202110,台南,國立臺灣歷史博物館遊客停車場,臺南市安南區臺南市安南區長和路1段250號（和館段48地號部份）,171,113,23.059165,120.231786
20211201,202110,台南,竑穗東寧停車場,臺南市東區東寧路85號(東寧段231-4、231-5、232-3與232-5等4筆地號),66,0,22.991764,120.222546
20211201,202110,台南,Times台南忠義路二段停車場,臺南市中西區臺南市中西區忠義路二段（觀音段415、416地號）,22,0,22.997749,120.204697
20211201,202110,台南,Times台南慶東街停車場,臺南市中西區臺南市東區慶東街127巷7號旁（光華段771~775及777地號）,13,0,22.989897,120.215825
20211201,202110,台南,楠西區都市計畫停二立體停車場,臺南市楠西區臺南市楠西區民生路12號,38,96,23.176599,120.48591
20211201,202110,台南,嘟嘟房台南康樂友愛站停車場,臺南市中西區臺南市中西區康樂街94號旁空地(府前段1318、1319、1320、1321、1322、1323地號),55,0,22.992852,120.194627
20211201,202110,台南,邵慈企業社停車場,臺南市中西區臺南市中西區觀亭街110號(觀音段67地號),19,0,22.997683,120.206074
20211201,202110,台南,杉霖裕孝路停車場,臺南市東區臺南市東區裕孝路近裕和路口（裕東段424、433地號）,23,0,22.987224,120.243326
20211201,202110,台南,杉霖裕義路停車場,臺南市東區臺南市東區裕義路近裕文路口（裕東段790、804地號）,28,0,22.983162,120.247755
20211201,202110,台南,立暉東門停車場,臺南市東區臺南市東區東門路三段（虎尾段1103地號部份）,87,0,22.976341,120.23814
20211201,202110,台南,富星停車場,臺南市永康區臺南市永康區大同街6號對面（國聖段503、540、941地號）,61,0,23.008398,120.271506
20211201,202110,台南,承莉善化停車場,臺南市善化區臺南市善化區中山路377號,96,0,23.131771,120.291398
20211201,202110,台南,俥亭慶平停車場,臺南市安平區臺南市安平區慶平路485號旁（金華段57-26地號）,29,0,22.996927,120.173206
20211201,202110,台南,ViViPARK永華八街停車場,臺南市安平區臺南市安平區永華八街330號旁（金華段60-1地號）,5,0,22.996455,120.173083
20211201,202110,台南,ViViPARK安平路一站停車場,臺南市安平區臺南市安平區安平路606巷9號旁（上鯤鯓段586、587、588、589、590、591、592地號）,20,0,22.99931,120.169224
20211201,202110,台南,ViViPARK安平路二站停車場,臺南市安平區臺南市安平區安平路606巷48號對面（上鯤鯓段490、490-2、490-3、491、491-1、491-2地號）,25,0,23.000521,120.169844
20211201,202110,台南,ViViPARK永華八街二站停車場,臺南市安平區臺南市安平區永華八街298號旁（金華段60-33至60-36地號）,19,0,22.99625,120.172989
20211201,202110,台南,新光三越(股)機車停車場,臺南市中西區北門路1段123巷56號,0,128,22.994817,120.210246
20211201,202110,台南,Times台南東門路二段第2停車場,臺南市東區臺南市東區東門路2段95號旁（東安段822、904、905、923、925、925-1、926、927地號）,30,0,22.985931,120.221482
20211201,202110,台南,竑穗建業停車場,臺南市中西區建業街58號,44,0,22.987918,120.205482
20211201,202110,台南,佳里新生停車場,臺南市佳里區臺南市佳里區新生路139號旁,24,0,23.160301,120.177338
20211201,202110,台南,台灣聯通台南東一停車場,臺南市東區東和路88號東側空地,6,0,22.998593,120.226838
20211201,202110,台南,玖鑫物業管理顧問有限公司玖鑫停車場,臺南市東區臺南市東區中華東路一段66、68、70號地下2樓,95,0,22.99667,120.23412
20211201,202110,台南,TIMES台南金華路三段停車場,臺南市中西區金華路三段233號北側空地,22,0,22.995221,120.193372
20211201,202110,台南,Times台南民生路第2停車場,臺南市中西區臺南市中西區民生路2段59號旁,20,0,22.99487,120.197546
20211201,202110,台南,台灣聯通台南東和停車場,臺南市東區東和路102號西側空地,12,0,22.998513,120.227428
20211201,202110,台南,臺南南一停車場,臺南市東區民族路一段與民族一街路口(育樂段857、860地號),15,0,22.994189,120.215399
20211201,202110,台南,德安百貨本館停車場,臺南市東區中華東路3段360號,372,0,22.973847,120.220684
20211201,202110,台南,玉井區農會停車場,臺南市玉井區臺南市玉井區中正路139號,90,0,23.125309,120.462051
20211201,202110,台南,馬雅各紀念大樓地下停車場,臺南市麻豆區麻豆區苓子林20號,48,0,23.180225,120.232857
20211201,202110,台南,黃家停車場,臺南市永康區永康區勝華街與勝利街口東北側（兵北段288地號）,41,0,23.006501,120.233034
20211201,202110,台南,樂樂停車房東區仁和場,臺南市東區臺南市東區中華東路3段77巷24-1號旁,45,0,22.978965,120.228298
20211201,202110,台南,竑穗西華停車場,臺南市北區西華街36號(公園段267地號),15,0,22.99953,120.210705
20211201,202110,台南,Times台南育平九街停車場,臺南市安平區臺南市安平區育平九街126號旁,51,0,22.995241,120.172343
20211201,202110,台南,日月亭武東停車場,臺南市歸仁區歸仁區歸仁十三路近高發三路口（武東段164地號）,336,0,22.925586,120.292727
20211201,202110,台南,台南航空站停車場,臺南市南區機場路775號地下室1樓,106,0,22.947833,120.216238
20211201,202110,台南,助安168台南西門停車場,臺南市中西區西門路1段660號B3~B5,388,0,22.988343,120.198262
20211201,202110,台南,南紡置地廣場停車場,臺南市東區中華東路1段358號,495,0,22.992322,120.233323
20211201,202110,台南,杉霖國安宜居停車場,臺南市安南區國安街210巷與國安街156巷51弄路口（國安段791-5至791-9地號）,168,0,23.023425,120.185994
20211201,202110,台南,Times台南北成路停車場,臺南市北區北成路50號旁（北安段1775地號）,49,0,23.018898,120.210122
20211201,202110,台南,竑穗北安停車場,臺南市北區北安路1段145號旁,14,0,23.017262,120.208961
20211201,202110,台南,竑穗永華停車場,臺南市安平區永華路2段701號後方（金華段135地號）,43,0,22.990331,120.171921
20211201,202110,台南,Times燦坤台南永華二店停車場,臺南市安平區臺南是安平區永華路二段35號,9,0,22.989024,120.185767
20211201,202110,台南,及泰衛民二停車場,臺南市中西區臺南市中西區衛民街78號旁空地(青年段225、240地號),7,0,22.993046,120.209807
20211201,202110,台南,善新停車場,臺南市善化區善新大道近龍目井路(善新段90地號),112,0,23.111524,120.310671
20211201,202110,台南,臨安民生路停車場,臺南市中西區民生路二段374號旁,29,0,22.997775,120.18881
20211201,202110,台南,寶盛台南郡平路停車場,臺南市安平區郡平路68號(金華段134地號),33,42,22.989428,120.171817
20211201,202110,台南,橋南停車場,臺南市鹽水區南門路14號,10,0,23.315757,120.267109
20211201,202110,台南,嘟嘟房高鐵台南站停車場,臺南市歸仁區歸仁大道100號,645,433,22.925709,120.284688
20211201,202110,台南,台灣聯通台南大德停車場,臺南市南區樹林街2段253號B1、B2,39,0,22.985851,120.195874
20211201,202110,台南,Times臺南一中體育館停車場,臺南市東區臺南市東區東寧路臺南一中體育館B1,44,0,22.992383,120.218642
20211201,202110,台南,台南市立醫院停車場,臺南市東區崇德路670號,127,54,22.968726,120.226791
20211201,202110,台南,長春停車場,臺南市新營區長春街154-2號西側,5,0,23.301409,120.310874
20211201,202110,台南,挺衛停車場,臺南市北區公園路798號B1,27,0,23.011769,120.21217
20211201,202110,台南,竑穗興濟二站停車場,臺南市中西區中成路32號（觀音段279、280地號）,29,0,22.997492,120.205211
20211201,202110,台南,Times台南民族路一段停車場,臺南市東區民族路1段17巷37號對面,26,0,22.993686,120.215775
20211201,202110,台南,竑穗富北停車場,臺南市北區臺南市北區富北街(北門派出所後方),9,0,22.998071,120.211587
20211201,202110,台南,臺南市美術館1館停車場,臺南市中西區南門路37號B1,22,0,22.991101,120.205741
20211201,202110,台南,崇明大樓室內停車場,臺南市東區崇明路268號地下一樓,9,0,22.978115,120.219239
20211201,202110,台南,竑穗家樂福中正店停車場,臺南市永康區中正南路358號2F,121,0,23.03244,120.228038
20211201,202110,台南,Times台南安平路停車場,臺南市安平區安平路606巷2號旁,12,0,22.99939,120.169414
20211201,202110,台南,永科停一停車場,臺南市永康區臺南市永康區永科環路397號（王行段9地號）,61,21,23.04373,120.275045
20211201,202110,台南,永科停二停車場,臺南市永康區臺南市永康區永科環路300號（王行段37地號）,21,51,23.047566,120.278709
20211201,202110,台南,永科停三停車場,臺南市永康區臺南市永康區永科一路19號（王行段110地號）,56,42,23.044247,120.281664
20211201,202110,台南,永科停四停車場,臺南市永康區臺南市永康區永科環路309號（王行段93地號）,63,38,23.040586,120.274617
20211201,202110,台南,永科停五停車場,臺南市永康區臺南市永康區永科三路77號（王行段116地號）,60,56,23.041279,120.278343
20211201,202110,台南,永科停六停車場,臺南市永康區臺南市永康區永科環路199號（王行段209地號）,43,17,23.036258,120.275923
20211201,202110,台南,永科停七停車場,臺南市永康區臺南市永康區永科東路3號（王行段148地號）,44,41,23.036673,120.281754
20211201,202110,台南,永科停八停車場,臺南市永康區臺南市永康區永科南路160號（王行段211地號）,32,42,23.032983,120.276786
20211201,202110,台南,長安停車場,臺南市安南區臺南市安南區鎮安一街（長安段1119地號）,5,0,23.064826,120.198598
20211201,202110,台南,蓮潭南街停車場,臺南市善化區台南市善化區蓮潭南街與月眉園路交叉口(善新段294地號),40,0,23.110772,120.303818
20211201,202110,台南,助安168台南衛民停車場,臺南市中西區衛民街67號,26,0,22.992878,120.210159
20211201,202110,台南,嘟嘟房成大勝利站停車場,臺南市東區臺南市東區大學路2號成大校友會館B1至B3,254,761,22.995921,120.218704
20211201,202110,台南,仁義停車場,臺南市仁德區台南市仁德區仁義路98巷(鍾厝段729、730地號),54,0,22.967563,120.254952
20211201,202110,台南,豐勝通運有限公司停車場,臺南市永康區台南市永康區復興路近國道一號高速公路(中45，56，57，61，62地號),0,0,22.998611,120.246924
20211201,202110,台南,臺南圖書總館地下停車場,臺南市永康區台南市永康區康橋大道255號B2,108,173,23.024759,120.237668
20211201,202110,台南,Times台南東區生產路停車場,臺南市東區生產路614號旁(德高段577、577-4地號),72,0,22.965842,120.231489
20211201,202110,台南,Times台南忠義府前停車場,臺南市中西區忠義路一段96號旁(南門段105、105-1、105-2、106、106-1地號),17,0,22.988064,120.202056
20211201,202110,台南,Times台南歸仁大道停車場,臺南市歸仁區台南市歸仁區歸仁大道與歸仁五路交叉口(武東段142地號),201,0,22.928397,120.28516
20211201,202110,台南,成功大學大學路地下停車場,臺南市東區台南市東區大學路1號(東寧段53地號),124,0,22.996275,120.222427
20211201,202110,台南,竑穗家樂福仁德店停車場,臺南市仁德區台南市仁德區中山路711號B2,155,0,22.972758,120.246604
20211201,202110,台南,春長停車場,臺南市永康區國光二街32號旁(大彎段7829、7832地號),21,0,23.002015,120.25895
20211201,202110,台南,俥亭康樂街停車場,臺南市中西區臺南市中西區康樂街195號旁(星鑽段1926地號),15,0,22.994673,120.194782
20211201,202110,台南,奇美醫療財團法人奇美醫院停車場,臺南市永康區中正南路52巷(頂南段598~602、604、607-1、607-2、608、610~615、616-1、617-1、618~620、798、799、802~805地號等26筆土地),231,861,23.020665,120.221036
20211201,202110,台南,永康奇美醫院第三停車場,臺南市永康區臺南市永康區中正南路52巷82弄內(頂南段905、939、940、947、961地號),146,0,23.019841,120.218857
20211201,202110,台南,俥亭西門停車場,臺南市中西區台南市中西區友愛街177號對面(府前段51-63、70-84地號等28筆土地),65,0,22.991856,120.197839
20211201,202110,台南,Times台南樹林開山停車場,臺南市中西區台南市中西區樹林街二段92號旁空地(郡王祠段1402、1442、1443地號),39,0,22.986574,120.208403
20211201,202110,台南,台灣聯通台南樹林停車場,臺南市中西區樹林街二段290號西側空地（建興段6000-6地號）,24,0,22.986522,120.201384
20211201,202110,台南,竑穗成大醫院汽機車停車場,臺南市北區台南市北區小東路35號B1至B3,424,477,23.001945,120.217756
20211201,202110,台南,第五醫療大樓獎勵增設停車空間停車場,臺南市永康區臺南市永康區中華路901號第五醫療大樓1F、B1、B2（北區康祥段1、1-3、2地號）,50,0,23.018818,120.221598
20211201,202110,台南,圳南停車場,臺南市西港區台南市西港區中山路232之1號旁(港南段568、568-1至568-5地號共6筆土地),18,0,23.119877,120.203768
20211201,202110,台南,永全停車場,臺南市永康區台南市永康區龍埔街近中山路口(四維段540地號),17,0,23.035126,120.254403
20211201,202110,台南,人上人停車場,臺南市東區長榮路2段60號(東安段247及655地號),25,0,22.988114,120.219378
20211201,202110,台南,宜舍文南路停車場,臺南市南區台南市南區文南路128號旁(正義段674、674-1至674-5地號),8,0,22.985368,120.190063
20211201,202110,台南,俥亭永康站前停車場,臺南市永康區台南市永康區永康火車站前東側(永康段33-4、33-5、33-6地號部份),0,118,23.038631,120.254053
20211201,202110,台南,育安停車場,臺南市安南區台南市安南區育安四街(新順段945、945-1地號),20,0,23.047124,120.216991
20211201,202110,台南,客萊停有限公司衛民停車場,臺南市中西區台南市中西區衛民街148號旁(中山段275地號),4,0,,
20211201,202110,台南,南風村停車場,臺南市東區台南市東區中華東路一1段92號地下二樓(東光段99地號),115,0,22.995468,120.234068
20211201,202110,台南,台灣大車位民生場停車場,臺南市中西區台南市中西區民生路二段300號旁(星鑽段755、756地號),9,0,22.99731,120.1909
20211201,202110,台南,中華世家停車場,臺南市北區台南市北區大武街541巷(康祥段140地號部份),48,0,23.017716,120.220471
20211201,202110,台南,南台街福太停車場,臺南市永康區台南市永康區南台街54巷159號對面(頂中段509地號),17,0,23.023975,120.221835
20211201,202110,台南,博客停車場開發股份有限公司台南轉運站停車場,臺南市北區臺南市北區公園路291號（北華段21、131地號）,229,449,23.001679,120.209027
20211201,202110,台南,博客停車場開發股份有限公司燦坤海佃場,臺南市安南區臺南市安南區海佃路1段329號,146,0,23.026049,120.191006
20211201,202110,台南,成功大學大學路地下停車場,臺南市東區大學路1號,124,0,22.996864,120.221853
