Unnamed: 0,匯入時間,統計時間,商家名稱,縣市,門市,地址,lat,lng
4675,20211201,202110,7_11,台南市,太子宮,台南市新營區太北里太子宮142-34號,23.294563,120.273624
4676,20211201,202110,7_11,台南市,好萊富,台南市新營區南紙里太子路191號,23.301138,120.294368
4677,20211201,202110,7_11,台南市,欣奇,台南市新營區新東里東興路236號,23.31652,120.323163
4678,20211201,202110,7_11,台南市,新北,台南市新營區民治路228號1樓,23.308012,120.304373
4679,20211201,202110,7_11,台南市,新高,台南市新營區福安里復興路762號,23.308825,120.286333
4680,20211201,202110,7_11,台南市,新國,台南市新營區大宏里民治東路1號1樓2樓,23.310985,120.322639
4681,20211201,202110,7_11,台南市,新進,台南市新營區中正路33之14號15號,23.31321,120.316501
4682,20211201,202110,7_11,台南市,新圓,台南市新營區忠政里中正路2鄰121號,23.318086,120.316212
4683,20211201,202110,7_11,台南市,新新復,台南市新營區新進路二段466號,23.302637,120.302862
4684,20211201,202110,7_11,台南市,新裕新,台南市新營區新進路二段90號1樓,23.300667,120.310938
4685,20211201,202110,7_11,台南市,新銀,台南市新營區中山路140號,23.304745,120.317096
4686,20211201,202110,7_11,台南市,新憲,台南市新營區埤寮里中正路530號,23.329446,120.316485
4687,20211201,202110,7_11,台南市,新營,台南市新營區復興路642號,23.306143,120.295679
4688,20211201,202110,7_11,台南市,新醫,台南市新營區民權里民權路96號96-1號1樓,23.309072,120.312128
4689,20211201,202110,7_11,台南市,九份子,台南市安南區國安里九份子大道6號1樓,23.021761,120.185192
4690,20211201,202110,7_11,台南市,加吉吉,台南市安南區新順里培安路155號,23.043993,120.211412
4691,20211201,202110,7_11,台南市,台江,台南市安南區安中路二段140號1樓,23.046441,120.18773799999998
4692,20211201,202110,7_11,台南市,本安,台南市安南區淵東里安中路三段360號1樓,23.049005,120.175709
4693,20211201,202110,7_11,台南市,本原,台南市安南區海佃路四段2號,23.053506,120.178326
4694,20211201,202110,7_11,台南市,本興,台南市安南區公學路四段180號,23.067121,120.176056
4695,20211201,202110,7_11,台南市,安中,台南市安南區安中路一段711號,23.043119937560306,120.195307514039
4696,20211201,202110,7_11,台南市,安北,台南市安南區安中路一段546號552號,23.039703,120.201594
4697,20211201,202110,7_11,台南市,安立,台南市安南區安中路四段150號,23.04946,120.170631
4698,20211201,202110,7_11,台南市,安同,台南市安南區同安路235號,23.042362,120.192011
4699,20211201,202110,7_11,台南市,安安,台南市安南區安明路四段260-70號,23.061055,120.134192
4700,20211201,202110,7_11,台南市,安西,台南市安南區安中路一段136號,23.035529,120.208671
4701,20211201,202110,7_11,台南市,安佃,台南市安南區海佃路四段548號,23.064668,120.172136
4702,20211201,202110,7_11,台南市,安昌,台南市安南區塭南里安昌街101號,23.069697030824,120.218748527665
4703,20211201,202110,7_11,台南市,安東,台南市安南區安和路一段308號1樓,23.03243,120.212608
4704,20211201,202110,7_11,台南市,安南,台南市安南區安和路四段520號,23.061455,120.218802
4705,20211201,202110,7_11,台南市,安傑,台南市安南區頂安里北安路二段480號1樓,23.0362379137638,120.203361519424
4706,20211201,202110,7_11,台南市,安富,台南市安南區安富街343號,23.026012,120.193576
4707,20211201,202110,7_11,台南市,安新,台南市安南區長溪路三段399號1樓,23.068138,120.196251
4708,20211201,202110,7_11,台南市,安學,台南市安南區南興里12鄰公學路五段685號一樓,23.074178,120.16017
4709,20211201,202110,7_11,台南市,安醫,台南市安南區州南里12鄰長和路二段66號B1,23.064536,120.223193
4710,20211201,202110,7_11,台南市,和順,台南市安南區安和路五段166號,23.066245,120.21808
4711,20211201,202110,7_11,台南市,和慶,台南市安南區安中路一段701巷33.35號,23.041697,120.195169
4712,20211201,202110,7_11,台南市,府安,台南市安南區溪東里北安路二段59號61號,23.02588,120.204844
4713,20211201,202110,7_11,台南市,怡安,台南市安南區安和路二段27號之2,23.0370369168082,120.213790525956
4714,20211201,202110,7_11,台南市,明安,台南市安南區工業二路166號,23.046207,120.144701
4715,20211201,202110,7_11,台南市,長和,台南市安南區長和一街39號,23.06311,120.214404
4716,20211201,202110,7_11,台南市,長溪,台南市安南區安慶里長溪路一段307號,23.039321,120.206802
4717,20211201,202110,7_11,台南市,城中,台南市安南區安中路六段599號601號,23.062378,120.129724
4718,20211201,202110,7_11,台南市,科工,台南市安南區鹽田里鹽田路2號,23.034892000000006,120.147853
4719,20211201,202110,7_11,台南市,國銨,台南市安南區國安街111號113號,23.022247,120.188877
4720,20211201,202110,7_11,台南市,淵中,台南市安南區安中路三段435號437號,23.050051,120.173647
4721,20211201,202110,7_11,台南市,淵安,台南市安南區海佃路三段163號,23.050297,120.18116100000002
4722,20211201,202110,7_11,台南市,祥安,台南市安南區大安街58.60.62.64號1樓,23.031298,120.192095
4723,20211201,202110,7_11,台南市,逢安,台南市安南區海西里海中街73號,23.03989,120.184232
4724,20211201,202110,7_11,台南市,富里,台南市安南區安富里府安路五段154號155號156號,23.022881,120.198258
4725,20211201,202110,7_11,台南市,新同安,台南市安南區理想里海佃路二段432號,23.038757,120.18813
4726,20211201,202110,7_11,台南市,新安順,台南市安南區安和路三段55-1號57號1樓,23.044802,120.217073
4727,20211201,202110,7_11,台南市,新海佃,台南市安南區海佃路一段239號一樓,23.0256848766486,120.190911512041
4728,20211201,202110,7_11,台南市,新郡安,台南市安南區溪北里安和路一段105號1樓,23.028273,120.214332
4729,20211201,202110,7_11,台南市,聖安,台南市安南區安中路六段850號1樓,23.065888,120.127904
4730,20211201,202110,7_11,台南市,鳳凰,台南市安南區北安路二段122號,23.028262,120.205055
4731,20211201,202110,7_11,台南市,學東,台南市安南區公學路六段679號1樓,23.078738,120.142629
4732,20211201,202110,7_11,台南市,環安,台南市安南區長和路二段12巷272號,23.07008,120.22311299999998
4733,20211201,202110,7_11,台南市,總安,台南市安南區安和路四段9號,23.050642,120.218913
4734,20211201,202110,7_11,台南市,總頭寮,台南市安南區長溪路二段416號,23.051448,120.202812
4735,20211201,202110,7_11,台南市,闔平,台南市安南區府安路五段98巷56弄33號,23.025685,120.2012
4736,20211201,202110,7_11,台南市,天期,台南市安平區國平路198號1樓,22.989747,120.171142
4737,20211201,202110,7_11,台南市,文五,台南市安平區國平里文平路217號,22.987671,120.177838
4738,20211201,202110,7_11,台南市,永華東,台南市安平區永華路二段210號,22.990083,120.18083500000002
4739,20211201,202110,7_11,台南市,同發,台南市安平區安北路170-3號1樓,23.00295,120.161085
4740,20211201,202110,7_11,台南市,安平,台南市安平區安平路99號,22.999488,120.164505
4741,20211201,202110,7_11,台南市,安期,台南市安平區慶平路60號62號,22.997059,120.182945
4742,20211201,202110,7_11,台南市,安運,台南市安平區平安里華平路742號1樓,22.999092,120.176061
4743,20211201,202110,7_11,台南市,府城,台南市安平區永華路二段532號,22.990939,120.17402
4744,20211201,202110,7_11,台南市,怡平,台南市安平區文平路462號1樓,22.994182,120.178988
4745,20211201,202110,7_11,台南市,南建平,台南市安平區建平路19、21、23號1樓,22.983672,120.18137
4746,20211201,202110,7_11,台南市,建平,台南市安平區建平七街689號,22.990075,120.168897
4747,20211201,202110,7_11,台南市,昜昇,台南市安平區安北路12-1號1樓,22.999463,120.167982
4748,20211201,202110,7_11,台南市,郡豐,台南市安平區郡平路307號,22.989476,120.164115
4749,20211201,202110,7_11,台南市,國平,台南市安平區平通里國平路381號,22.99368,120.171329
4750,20211201,202110,7_11,台南市,康平,台南市安平區健康三街81號,22.986913,120.168224
4751,20211201,202110,7_11,台南市,期建,台南市安平區文平里建平路277號,22.988472,120.182161
4752,20211201,202110,7_11,台南市,華平,台南市安平區健康路三段242號,22.983824,120.173835
4753,20211201,202110,7_11,台南市,慶平,台南市安平區慶平路235號1樓,22.99666,120.177513
4754,20211201,202110,7_11,台南市,慶國,台南市安平區慶平路531號,22.997173,120.171861
4755,20211201,202110,7_11,台南市,豐平,台南市安平區平豐路430號1樓,22.994243,120.163899
4756,20211201,202110,7_11,台南市,三村,台南市永康區鹽行里仁愛街68號70號1樓,23.044292,120.2392
4757,20211201,202110,7_11,台南市,大橋,台南市永康區大橋里中華路747號,23.018166,120.226521
4758,20211201,202110,7_11,台南市,大灣,台南市永康區大灣路951號,22.998909,120.252913
4759,20211201,202110,7_11,台南市,工館,台南市永康區崑大路195號,22.998306,120.252456
4760,20211201,202110,7_11,台南市,五王,台南市永康區中華二路146號1樓,23.008652,120.237868
4761,20211201,202110,7_11,台南市,仁發,台南市永康區東橋里東橋六街61號,23.019754,120.234606
4762,20211201,202110,7_11,台南市,仁灣,台南市永康區大仁街11巷1號,23.000415,120.256723
4763,20211201,202110,7_11,台南市,文炳,台南市永康區南台街1號,23.022274,120.225014
4764,20211201,202110,7_11,台南市,台南蔡,台南市永康區中正南路628號,23.03806,120.233705
4765,20211201,202110,7_11,台南市,正新,台南市永康區甲頂里大武街33號,23.020179,120.222518
4766,20211201,202110,7_11,台南市,永一,台南市永康區正強街221號1樓,23.029252,120.251554
4767,20211201,202110,7_11,台南市,永大春,台南市永康區中山北路431號,23.029338,120.268115
4768,20211201,202110,7_11,台南市,永正,台南市永康區永康里中山南路537號,23.023957,120.252807
4769,20211201,202110,7_11,台南市,永玉,台南市永康區龍潭里永明街175號,23.024692,120.26255
4770,20211201,202110,7_11,台南市,永科,台南市永康區新樹里3鄰中山北路634巷7號,23.030692,120.277864
4771,20211201,202110,7_11,台南市,永高,台南市永康區鹽興里中正北路185號,23.041813,120.243476
4772,20211201,202110,7_11,台南市,永強,台南市永康區埔園里中正路102號,23.03032,120.254376
4773,20211201,202110,7_11,台南市,永勝,台南市永康區六合里中華二路320號1樓,23.008609,120.231988
4774,20211201,202110,7_11,台南市,永復,台南市永康區復華里復華一街2號,23.005485,120.245963
4775,20211201,202110,7_11,台南市,永愛,台南市永康區北灣里文賢街80-1號,23.007534,120.271658
4776,20211201,202110,7_11,台南市,永新,台南市永康區中正北路122號,23.04144,120.242394
4777,20211201,202110,7_11,台南市,永嘉,台南市永康區二王路139號,23.018774,120.24885
4778,20211201,202110,7_11,台南市,永燕,台南市永康區中山南路518號,23.018165,120.240141
4779,20211201,202110,7_11,台南市,永臻,台南市永康區中山東路59號,23.014071,120.236285
4780,20211201,202110,7_11,台南市,永龍,台南市永康區埔園里中山路398號,23.035407,120.254793
4781,20211201,202110,7_11,台南市,玉山,台南市永康區永明街97號,23.02487,120.260659
4782,20211201,202110,7_11,台南市,白金,台南市永康區復國一路357號,23.012156,120.246457
4783,20211201,202110,7_11,台南市,伍鈺,台南市永康區永華路406號408號,23.012878,120.259096
4784,20211201,202110,7_11,台南市,好巧,台南市永康區安康里中華西街152號,23.015629,120.226057
4785,20211201,202110,7_11,台南市,安興,台南市永康區北灣里20鄰北興路51號,23.014159,120.264223
4786,20211201,202110,7_11,台南市,西勢,台南市永康區西勢里富強路一段304號,23.019667,120.275468
4787,20211201,202110,7_11,台南市,辰佳,台南市永康區永大路二段11號,23.001347,120.259554
4788,20211201,202110,7_11,台南市,奇蹟,台南市永康區永大路三段299號,23.034542,120.259363
4789,20211201,202110,7_11,台南市,尚頂,台南市永康區中正南路314號,23.031141,120.226684
4790,20211201,202110,7_11,台南市,忠勇,台南市永康區成功里小東路4鄰637號1樓,22.998788,120.238247
4791,20211201,202110,7_11,台南市,東江,台南市永康區尚頂里23鄰南台街43號1樓,23.022244,120.22282
4792,20211201,202110,7_11,台南市,東橋,台南市永康區東橋一路28號,23.017135,120.235281
4793,20211201,202110,7_11,台南市,信雄,台南市永康區南台街1號,23.022274,120.225014
4794,20211201,202110,7_11,台南市,南台,台南市永康區南台街1號1樓,23.025251,120.226414
4795,20211201,202110,7_11,台南市,南科大,台南市永康區中正路529號,23.037001,120.23835
4796,20211201,202110,7_11,台南市,南應大,台南市永康區鹽行里中正七街27.29號1樓,23.040069,120.239998
4797,20211201,202110,7_11,台南市,南瀛,台南市永康區鹽行里中正路299號,23.033683,120.245242
4798,20211201,202110,7_11,台南市,埔園,台南市永康區中山路90號,23.0285,120.256718
4799,20211201,202110,7_11,台南市,庭園,台南市永康區埔園里龍國街77號,23.032711,120.259972
4800,20211201,202110,7_11,台南市,時尚,台南市永康區鹽洲里仁愛街19號21號1樓,23.04298,120.23837
4801,20211201,202110,7_11,台南市,桂田,台南市永康區鹽行里新行街251號一樓,23.044136,120.242026
4802,20211201,202110,7_11,台南市,崑教,台南市永康區崑大路195號,22.998306,120.252456
4803,20211201,202110,7_11,台南市,康永,台南市永康區永康里永平街120號,23.021893,120.263411
4804,20211201,202110,7_11,台南市,康西,台南市永康區永大路二段440號,23.007062,120.262129
4805,20211201,202110,7_11,台南市,康橋,台南市永康區中山南路12-5號,23.011801,120.227118
4806,20211201,202110,7_11,台南市,康興,台南市永康區中華路196號1樓,23.004487,120.23562
4807,20211201,202110,7_11,台南市,創意,台南市永康區鹽行里中正二街268號,23.029865,120.234456
4808,20211201,202110,7_11,台南市,復康,台南市永康區二王里忠孝路429巷15弄6號,23.018249,120.243461
4809,20211201,202110,7_11,台南市,華東,台南市永康區中華路472號,23.011046,120.232548
4810,20211201,202110,7_11,台南市,華勇,台南市永康區華興街122號1、2樓,23.000846,120.237007
4811,20211201,202110,7_11,台南市,華康,台南市永康區中華路10巷2號1樓、中華路8-7號1樓,22.999763,120.235005
4812,20211201,202110,7_11,台南市,詠文,台南市永康區網寮里6鄰永二街202號,23.015912,120.252168
4813,20211201,202110,7_11,台南市,詠信,台南市永康區復華七街68號,23.014314,120.246578
4814,20211201,202110,7_11,台南市,感恩,台南市永康區烏竹里自強路825-1號,23.037789,120.264164
4815,20211201,202110,7_11,台南市,新奇美,台南市永康區甲頂里中正南路52巷73號75號1樓,23.021075,120.221283
4816,20211201,202110,7_11,台南市,新東灣,台南市永康區民族路186號188號1樓,23.005274,120.269784
4817,20211201,202110,7_11,台南市,新家專,台南市永康區鹽行里中正路12鄰545號1樓,23.039663,120.238827
4818,20211201,202110,7_11,台南市,新真愛,台南市永康區東橋六街208號1樓,23.020945,120.236909
4819,20211201,202110,7_11,台南市,新康華,台南市永康區大橋二街38號,23.018767,120.227404
4820,20211201,202110,7_11,台南市,雋鈺,台南市永康區西灣里永華路157號,23.009397,120.259539
4821,20211201,202110,7_11,台南市,鈺華,台南市永康區崑南里37鄰大仁街220號,23.005888,120.258347
4822,20211201,202110,7_11,台南市,鈺廣,台南市永康區大灣里民族路409號一樓,23.007815,120.266285
4823,20211201,202110,7_11,台南市,精工,台南市永康區中正北路735號,23.046626,120.262531
4824,20211201,202110,7_11,台南市,蔦松,台南市永康區中正北路431號433號,23.042221,120.254556
4825,20211201,202110,7_11,台南市,橋富,台南市永康區大橋二街130、132號,23.019964,120.229233
4826,20211201,202110,7_11,台南市,橋鈺,台南市永康區東橋七路369號1樓,23.024685,120.2351
4827,20211201,202110,7_11,台南市,臻品,台南市永康區三合里中山東路117號119號1樓,23.012576,120.236817
4828,20211201,202110,7_11,台南市,臻鈺,台南市永康區勝利里18鄰勝學路226號,23.006132,120.231284
4829,20211201,202110,7_11,台南市,興灣,台南市永康區南灣里大灣東路63號1樓,22.998843,120.261073
4830,20211201,202110,7_11,台南市,龍橋,台南市永康區烏竹里7鄰龍橋街406號,23.042619,120.262954
4831,20211201,202110,7_11,台南市,雙永,台南市永康區永大一路60號1樓,23.017965,120.260593
4832,20211201,202110,7_11,台南市,雙鈺,台南市永康區永華路399號1樓,23.017815,120.257377
4833,20211201,202110,7_11,台南市,瓏埔,台南市永康區龍埔街108號,23.034232,120.263524
4834,20211201,202110,7_11,台南市,鹽行,台南市永康區鹽洲里鹽洲二街83號,23.04309,120.23469
4835,20211201,202110,7_11,台南市,鹽信,台南市永康區正南一街148號,23.02555,120.226638
4836,20211201,202110,7_11,台南市,鑫永康,台南市永康區中華路617-1號,23.014493,120.229939
4837,20211201,202110,7_11,台南市,鑫歐洲,台南市永康區埔園街339號,23.032847,120.251344
4838,20211201,202110,7_11,台南市,灣中,台南市永康區大灣路62號,23.012069,120.270806
4839,20211201,202110,7_11,台南市,大欣,台南市北區和緯路五段76號,23.006116,120.184257
4840,20211201,202110,7_11,台南市,小北,台南市北區西門路四段455號,23.017899,120.211785
4841,20211201,202110,7_11,台南市,丹比,台南市北區六甲里西門路四段332號,23.013624,120.20962
4842,20211201,202110,7_11,台南市,公平,台南市北區公園路694號,23.008531,120.210245
4843,20211201,202110,7_11,台南市,公園,台南市北區公園路1072-1號2號3號,23.01848,120.215918
4844,20211201,202110,7_11,台南市,文成,台南市北區文元里文成路775號,23.012132,120.194936
4845,20211201,202110,7_11,台南市,文賢,台南市北區文賢路1116號,23.016253,120.193617
4846,20211201,202110,7_11,台南市,北安,台南市北區公園路599-11號,23.014608,120.212799
4847,20211201,202110,7_11,台南市,北育,台南市北區成德里北安路一段189號,23.018,120.207979
4848,20211201,202110,7_11,台南市,北園,"台南市北區北園街6號之6, 1、2樓",23.010328,120.22334
4849,20211201,202110,7_11,台南市,立人,台南市北區和順里西門路三段81號,23.002412,120.203189
4850,20211201,202110,7_11,台南市,成大,台南市北區勝利路138號B1樓,23.001835,120.220058
4851,20211201,202110,7_11,台南市,成醫,台南市北區小東路35號(成大醫院門診一樓),23.001718,120.217767
4852,20211201,202110,7_11,台南市,西門,台南市北區西門路四段132號,23.008812,120.207604
4853,20211201,202110,7_11,台南市,育德,台南市北區民德路87號,23.005437,120.2026
4854,20211201,202110,7_11,台南市,和緯,台南市北區成功里和緯路二段252號,23.012312,120.206329
4855,20211201,202110,7_11,台南市,東都,台南市北區成功路140號,22.998629,120.204669
4856,20211201,202110,7_11,台南市,東森,台南市北區林森路三段76號78號,23.00295,120.225016
4857,20211201,202110,7_11,台南市,長源,台南市北區長榮路四段181號,23.006626,120.221373
4858,20211201,202110,7_11,台南市,青青,台南市北區和緯路五段278號1樓,23.005271,120.180165
4859,20211201,202110,7_11,台南市,修齊,台南市北區成功路54號,22.99827678149089,120.207559523728
4860,20211201,202110,7_11,台南市,海裕,台南市北區雙安里海安路三段219巷5號1樓,23.006455,120.19959
4861,20211201,202110,7_11,台南市,常勝,台南市北區長榮里長勝路1號,23.009298,120.22045
4862,20211201,202110,7_11,台南市,康健,台南市北區北門路三段49號,23.014441,120.217186
4863,20211201,202110,7_11,台南市,康榮,台南市北區實踐里北門路三段2號,23.013038,120.217204
4864,20211201,202110,7_11,台南市,湖美,台南市北區大豐里27鄰中華北路一段143號,23.009857,120.185224
4865,20211201,202110,7_11,台南市,華園,台南市北區北門里公園南路71號,23.000371,120.210951
4866,20211201,202110,7_11,台南市,新大港,台南市北區大和里大港街140號1樓2樓,23.013516,120.190006
4867,20211201,202110,7_11,台南市,新海成,台南市北區海安路三段2號1樓,23.000647,120.198931
4868,20211201,202110,7_11,台南市,聖賢,台南市北區大豐里文賢路315號,23.00679,120.19349
4869,20211201,202110,7_11,台南市,道成,台南市北區北門路二段500號,23.009484,120.215356
4870,20211201,202110,7_11,台南市,煒達,台南市北區育德路491號1.2樓,23.015115,120.206571
4871,20211201,202110,7_11,台南市,鈺勝,台南市北區小東路307巷75號77號1樓,23.00066179036829,120.230667538103
4872,20211201,202110,7_11,台南市,德緯,台南市北區成德里育德二路20鄰308號,23.014208,120.203629
4873,20211201,202110,7_11,台南市,鄭子寮,台南市北區成德里38鄰北成路442號,23.019016,120.201201
4874,20211201,202110,7_11,台南市,龍成,台南市北區成功路2號,22.9978517800987,120.211197526029
4875,20211201,202110,7_11,台南市,豐盛,台南市北區勝利路192號194號,23.003983,120.218913
4876,20211201,202110,7_11,台南市,寶園,台南市北區元寶里北園街78號78-1號78-2號78-3號1樓,23.012305,120.223075
4877,20211201,202110,7_11,台南市,仙草埔,台南市白河區仙草里仙草6之30號,23.34569,120.47351100000002
4878,20211201,202110,7_11,台南市,白河,台南市白河區永安里17鄰國泰路101號,23.347435,120.413771
4879,20211201,202110,7_11,台南市,東楨,台南市白河區永安里新興路507號一樓,23.352707,120.417083
4880,20211201,202110,7_11,台南市,荷韻,台南市白河區河東里9鄰冀萁湖122-35號,23.345468,120.42531
4881,20211201,202110,7_11,台南市,新蓮鄉,台南市白河區永安里大德街150號1樓,23.355845,120.412742
4882,20211201,202110,7_11,台南市,鈺善,台南市白河區昇安里1鄰三間厝2-56號,23.362848,120.42516
4883,20211201,202110,7_11,台南市,千福,台南市中西區大涼里中華西路二段36號,22.992781,120.187072
4884,20211201,202110,7_11,台南市,大五,台南市中西區法華里大同路一段218號220號,22.982393,120.211279
4885,20211201,202110,7_11,台南市,大府,台南市中西區府前路二段115號1樓2樓,22.990933,120.194546
4886,20211201,202110,7_11,台南市,友愛,台南市中西區友愛街197之199號,22.991874,120.197364
4887,20211201,202110,7_11,台南市,天公,台南市中西區忠義路二段109號,22.993862,120.203161
4888,20211201,202110,7_11,台南市,水仙宮,台南市中西區水仙里民權路三段87號1樓,22.996692775712,120.197345517382
4889,20211201,202110,7_11,台南市,永福,台南市中西區永福路二段65號1樓,22.991893,120.200701
4890,20211201,202110,7_11,台南市,光賢,台南市中西區中華西路二段600號600-1號1.2樓,23.004344,120.186965
4891,20211201,202110,7_11,台南市,赤崁,台南市中西區民族路二段331號,22.996774,120.202532
4892,20211201,202110,7_11,台南市,和善,台南市中西區藥王里民族路三段6鄰277號1樓,22.999745,120.192559
4893,20211201,202110,7_11,台南市,府醫,台南市中西區赤崁里中山路125號,22.996174774200696,120.209164524827
4894,20211201,202110,7_11,台南市,明珠,台南市中西區公正里民族路二段53號,22.9944047680574,120.210341525642
4895,20211201,202110,7_11,台南市,武聖,台南市中西區武聖路47號49號,23.005398,120.19234099999998
4896,20211201,202110,7_11,台南市,武德,台南市中西區青年路134號,22.991855,120.209172
4897,20211201,202110,7_11,台南市,南門城,台南市中西區南門路229號1樓,22.983763,120.204427
4898,20211201,202110,7_11,台南市,南英,"台南市中西區永福路一段30號32號1, 2樓",22.986014,120.200228
4899,20211201,202110,7_11,台南市,南醫,台南市中西區民族路二段76號之13,22.995204,120.207674
4900,20211201,202110,7_11,台南市,郡王,台南市中西區府前路一段144號,22.989128,120.207501
4901,20211201,202110,7_11,台南市,唯勝,台南市中西區民權路三段150號一樓,22.997338,120.19616
4902,20211201,202110,7_11,台南市,康樂,台南市中西區安海里康樂街223號1樓,22.994765,120.194867
4903,20211201,202110,7_11,台南市,荻亞,台南市中西區朝陽里中山路153號1樓,22.996335,120.21036200000002
4904,20211201,202110,7_11,台南市,頂美,台南市中西區西和路1號3號,22.999144,120.186982
4905,20211201,202110,7_11,台南市,晶越,台南市中西區西門路一段658號B2,22.9869497417472,120.197756518071
4906,20211201,202110,7_11,台南市,湖華,台南市中西區西湖街3號,23.003336,120.186596
4907,20211201,202110,7_11,台南市,開山,台南市中西區開山路245號,22.986172,120.210041
4908,20211201,202110,7_11,台南市,集福,台南市中西區金華路四段194號與信義街60巷6號,23.000428,120.195787
4909,20211201,202110,7_11,台南市,新永健,台南市中西區健康路一段346號,22.98151,120.200073
4910,20211201,202110,7_11,台南市,新永華,台南市中西區永華路248號,22.988605,120.190446
4911,20211201,202110,7_11,台南市,新運河,台南市中西區府前路二段239號1樓,22.991794758460102,120.190572513341
4912,20211201,202110,7_11,台南市,綜合,台南市中西區水仙里民生路二段26號28號1樓,22.994983,120.198412
4913,20211201,202110,7_11,台南市,鎮山,台南市中西區西湖里湖美街10號,22.999237,120.180201
4914,20211201,202110,7_11,台南市,體育,台南市中西區健康路166號,22.981394,120.207333
4915,20211201,202110,7_11,台南市,新朝琴,台南市鹽水區岸內里朝琴路143號1樓,23.324645,120.273665
4916,20211201,202110,7_11,台南市,歡雅,台南市鹽水區歡雅里26號,23.292312,120.241721
4917,20211201,202110,7_11,台南市,鹽水,台南市鹽水區中正路35號,23.31995,120.267767
4918,20211201,202110,7_11,台南市,鹽生,台南市鹽水區南門路1號,23.316589,120.266878
4919,20211201,202110,7_11,台南市,鹽金,台南市鹽水區義稠里8鄰義稠110之19號,23.325105,120.254631
4920,20211201,202110,7_11,台南市,鹽新,台南市鹽水區橋南里忠孝路93號,23.310792000000006,120.273583
4921,20211201,202110,7_11,台南市,九份子,台南市安南區國安里九份子大道6號1樓,23.021761,120.185192
4922,20211201,202110,7_11,台南市,上鈺,台南市南區大成路一段128號1、2樓,22.975158,120.200187
4923,20211201,202110,7_11,台南市,土定富,台南市南區田寮里大成路二段86號88號,22.975039,120.194952
4924,20211201,202110,7_11,台南市,大忠,台南市南區大忠里中華南路一段178號,22.9699126826656,120.210936527079
4925,20211201,202110,7_11,台南市,大恩,台南市南區大同路二段692.694號及國民路2號,22.967612,120.21566
4926,20211201,202110,7_11,台南市,公道,台南市南區夏林路1-16號、1-17號,22.986296,120.195099
4927,20211201,202110,7_11,台南市,少觀,台南市南區大林路113號,22.97539,120.211242
4928,20211201,202110,7_11,台南市,文南,台南市南區健康路二段268-1、270號,22.981897,120.189824
4929,20211201,202110,7_11,台南市,水交社,台南市南區西門路一段292、296號,22.977519,120.198
4930,20211201,202110,7_11,台南市,加吉吉,台南市安南區新順里培安路155號,23.043993,120.211412
4931,20211201,202110,7_11,台南市,台江,台南市安南區安中路二段140號1樓,23.046441,120.18773799999998
4932,20211201,202110,7_11,台南市,本安,台南市安南區淵東里安中路三段360號1樓,23.049005,120.175709
4933,20211201,202110,7_11,台南市,本原,台南市安南區海佃路四段2號,23.053506,120.178326
4934,20211201,202110,7_11,台南市,本興,台南市安南區公學路四段180號,23.067121,120.176056
4935,20211201,202110,7_11,台南市,正旺,台南市南區明興路917號,22.933316,120.182416
4936,20211201,202110,7_11,台南市,永成,台南市南區佛壇里明興路1322號1樓,22.923219,120.184632
4937,20211201,202110,7_11,台南市,立興,台南市南區灣裡路265號,22.926657,120.182291
4938,20211201,202110,7_11,台南市,全興,台南市南區新樂路72號,22.968595,120.174241
4939,20211201,202110,7_11,台南市,安中,台南市安南區安中路一段711號,23.043119937560306,120.195307514039
4940,20211201,202110,7_11,台南市,安北,台南市安南區安中路一段546號552號,23.039703,120.201594
4941,20211201,202110,7_11,台南市,安立,台南市安南區安中路四段150號,23.04946,120.170631
4942,20211201,202110,7_11,台南市,安同,台南市安南區同安路235號,23.042362,120.192011
4943,20211201,202110,7_11,台南市,安安,台南市安南區安明路四段260-70號,23.061055,120.134192
4944,20211201,202110,7_11,台南市,安西,台南市安南區安中路一段136號,23.035529,120.208671
4945,20211201,202110,7_11,台南市,安佃,台南市安南區海佃路四段548號,23.064668,120.172136
4946,20211201,202110,7_11,台南市,安昌,台南市安南區塭南里安昌街101號,23.069697030824,120.218748527665
4947,20211201,202110,7_11,台南市,安東,台南市安南區安和路一段308號1樓,23.03243,120.212608
4948,20211201,202110,7_11,台南市,安南,台南市安南區安和路四段520號,23.061455,120.218802
4949,20211201,202110,7_11,台南市,安傑,台南市安南區頂安里北安路二段480號1樓,23.0362379137638,120.203361519424
4950,20211201,202110,7_11,台南市,安富,台南市安南區安富街343號,23.026012,120.193576
4951,20211201,202110,7_11,台南市,安新,台南市安南區長溪路三段399號1樓,23.068138,120.196251
4952,20211201,202110,7_11,台南市,安學,台南市安南區南興里12鄰公學路五段685號一樓,23.074178,120.16017
4953,20211201,202110,7_11,台南市,安醫,台南市安南區州南里12鄰長和路二段66號B1,23.064536,120.223193
4954,20211201,202110,7_11,台南市,西濱,台南市南區中華南路二段317號319號,22.96163,120.185101
4955,20211201,202110,7_11,台南市,和順,台南市安南區安和路五段166號,23.066245,120.21808
4956,20211201,202110,7_11,台南市,和慶,台南市安南區安中路一段701巷33.35號,23.041697,120.195169
4957,20211201,202110,7_11,台南市,府安,台南市安南區溪東里北安路二段59號61號,23.02588,120.204844
4958,20211201,202110,7_11,台南市,怡安,台南市安南區安和路二段27號之2,23.0370369168082,120.213790525956
4959,20211201,202110,7_11,台南市,明安,台南市安南區工業二路166號,23.046207,120.144701
4960,20211201,202110,7_11,台南市,明和,台南市南區中華西路一段89號,22.977589,120.184006
4961,20211201,202110,7_11,台南市,欣大林,台南市南區大同路二段136巷3號1樓,22.978935,120.212646
4962,20211201,202110,7_11,台南市,金昇,台南市南區金華路二段341號,22.985576,120.19167
4963,20211201,202110,7_11,台南市,金都,台南市南區金華路一段235號1樓,22.967276672948103,120.189969514056
4964,20211201,202110,7_11,台南市,長和,台南市安南區長和一街39號,23.06311,120.214404
4965,20211201,202110,7_11,台南市,長溪,台南市安南區安慶里長溪路一段307號,23.039321,120.206802
4966,20211201,202110,7_11,台南市,南都,台南市南區金華路一段27號1樓,22.961835,120.189152
4967,20211201,202110,7_11,台南市,南德,台南市南區中華南路二段101之1號,22.961666,120.192705
4968,20211201,202110,7_11,台南市,城中,台南市安南區安中路六段599號601號,23.062378,120.129724
4969,20211201,202110,7_11,台南市,建華,台南市南區文華里中華西路一段438號,22.985343,120.186694
4970,20211201,202110,7_11,台南市,科工,台南市安南區鹽田里鹽田路2號,23.034892000000006,120.147853
4971,20211201,202110,7_11,台南市,夏林,台南市南區夏林路134-1號134-2號,22.981603,120.194889
4972,20211201,202110,7_11,台南市,夏興,台南市南區夏林路258號1樓,22.978276,120.194987
4973,20211201,202110,7_11,台南市,國民,台南市南區國民路152號1樓,22.967559,120.212068
4974,20211201,202110,7_11,台南市,國宅,台南市南區新興路441號,22.975003,120.18972
4975,20211201,202110,7_11,台南市,國銨,台南市安南區國安街111號113號,23.022247,120.188877
4976,20211201,202110,7_11,台南市,淵中,台南市安南區安中路三段435號437號,23.050051,120.173647
4977,20211201,202110,7_11,台南市,淵安,台南市安南區海佃路三段163號,23.050297,120.18116100000002
4978,20211201,202110,7_11,台南市,祥安,台南市安南區大安街58.60.62.64號1樓,23.031298,120.192095
4979,20211201,202110,7_11,台南市,逢安,台南市安南區海西里海中街73號,23.03989,120.184232
4980,20211201,202110,7_11,台南市,喜樹,台南市南區喜東里10鄰明興路732號,22.940785,120.181456
4981,20211201,202110,7_11,台南市,富里,台南市安南區安富里府安路五段154號155號156號,23.022881,120.198258
4982,20211201,202110,7_11,台南市,尊南,台南市南區尊南街268.270號,22.980638,120.189175
4983,20211201,202110,7_11,台南市,新同安,台南市安南區理想里海佃路二段432號,23.038757,120.18813
4984,20211201,202110,7_11,台南市,新安順,台南市安南區安和路三段55-1號57號1樓,23.044802,120.217073
4985,20211201,202110,7_11,台南市,新府緯,台南市南區西門路一段553號1樓,22.983869730998503,120.197421517997
4986,20211201,202110,7_11,台南市,新海佃,台南市安南區海佃路一段239號一樓,23.0256848766486,120.190911512041
4987,20211201,202110,7_11,台南市,新郡安,台南市安南區溪北里安和路一段105號1樓,23.028273,120.214332
4988,20211201,202110,7_11,台南市,新興,台南市南區光明里新興路6鄰529號531號1樓,22.974604698428504,120.187124511942
4989,20211201,202110,7_11,台南市,聖安,台南市安南區安中路六段850號1樓,23.065888,120.127904
4990,20211201,202110,7_11,台南市,鳳凰,台南市安南區北安路二段122號,23.028262,120.205055
4991,20211201,202110,7_11,台南市,樂豐,台南市南區新都路460號,22.9674036734754,120.193285516131
4992,20211201,202110,7_11,台南市,學東,台南市安南區公學路六段679號1樓,23.078738,120.142629
4993,20211201,202110,7_11,台南市,環安,台南市安南區長和路二段12巷272號,23.07008,120.22311299999998
4994,20211201,202110,7_11,台南市,總安,台南市安南區安和路四段9號,23.050642,120.218913
4995,20211201,202110,7_11,台南市,總頭寮,台南市安南區長溪路二段416號,23.051448,120.202812
4996,20211201,202110,7_11,台南市,闔平,台南市安南區府安路五段98巷56弄33號,23.025685,120.2012
4997,20211201,202110,7_11,台南市,鯤鯓,台南市南區南都里鯤鯓路20號,22.958995,120.186
4998,20211201,202110,7_11,台南市,小腳腿,台南市柳營區重溪里義士路一段938號,23.285375,120.36573
4999,20211201,202110,7_11,台南市,宜翔,台南市柳營區中埕里中山西路二段10鄰61號,23.277028,120.316056
5000,20211201,202110,7_11,台南市,果毅,台南市柳營區果毅里果毅後14-1號1樓,23.258102,120.371316
5001,20211201,202110,7_11,台南市,柳營,台南市柳營區士林里柳營路二段1號3號,23.276718,120.312344
5002,20211201,202110,7_11,台南市,新工,台南市柳營區東昇里中山西路一段2號1樓,23.279374,120.324979
5003,20211201,202110,7_11,台南市,新天地,台南市柳營區太康里22鄰201-10號,23.288392,120.32553500000002
5004,20211201,202110,7_11,台南市,一心,台南市東區中華東路一段24號,22.99699,120.234382
5005,20211201,202110,7_11,台南市,力大,台南市東區生產路508號,22.96489200000001,120.229548
5006,20211201,202110,7_11,台南市,大世紀,台南市東區自由路三段108號1樓,22.978079,120.237775
5007,20211201,202110,7_11,台南市,小東,台南市東區小東路256號,22.998777,120.230898
5008,20211201,202110,7_11,台南市,仁文,台南市東區仁和路57-7號59號1樓,22.975464,120.230909
5009,20211201,202110,7_11,台南市,北門,"台南市東區北門路一段310號,312號",22.996334,120.212118
5010,20211201,202110,7_11,台南市,古都,台南市東區仁和路133號,22.96962000000001,120.234303
5011,20211201,202110,7_11,台南市,市醫,台南市東區崇德路685號687號,22.968884,120.227758
5012,20211201,202110,7_11,台南市,立東,台南市東區東門路三段220號,22.977225,120.23443799999998
5013,20211201,202110,7_11,台南市,吉吉好,台南市東區崇德路670號,22.968621,120.227127
5014,20211201,202110,7_11,台南市,好富,台南市東區富強里裕農路320號,22.986778,120.229334
5015,20211201,202110,7_11,台南市,成商,台南市東區大學里勝利路118號1、2樓,22.995913,120.218392
5016,20211201,202110,7_11,台南市,竹篙厝,台南市東區仁和路126號1樓,22.970829,120.23322
5017,20211201,202110,7_11,台南市,自由,台南市東區和平里自由路二段37號,22.971083,120.237491
5018,20211201,202110,7_11,台南市,沐東風,台南市東區德昌路58號,22.965096,120.23749
5019,20211201,202110,7_11,台南市,東和,台南市東區東安路291號293號1樓,22.997693,120.227147
5020,20211201,202110,7_11,台南市,東城,台南市東區中華東路二段293號,22.982551,120.23092
5021,20211201,202110,7_11,台南市,東凱,台南市東區東安路102號,22.993445,120.226718
5022,20211201,202110,7_11,台南市,東發,台南市東區中華東路三段379號,22.9737186961944,120.221481533508
5023,20211201,202110,7_11,台南市,東敬,"台南市東區莊敬路90號1樓;東平路35-1號,35-2號1樓",22.994762,120.232955
5024,20211201,202110,7_11,台南市,東澓,台南市東區富農街一段167號1樓,22.982641,120.234825
5025,20211201,202110,7_11,台南市,東龍,台南市東區東門路一段362號,22.986575,120.218576
5026,20211201,202110,7_11,台南市,長寧,台南市東區長榮路三段12號,22.992197,120.221765
5027,20211201,202110,7_11,台南市,長榮,台南市東區長榮路三段139號,22.99595,120.221618
5028,20211201,202110,7_11,台南市,帝標,台南市東區龍山街109號111號,22.983879,120.223237
5029,20211201,202110,7_11,台南市,致聖,台南市東區北門路二段12號,22.997892,120.212477
5030,20211201,202110,7_11,台南市,席悅,台南市東區東光里東興路41號1樓,22.991027,120.228642
5031,20211201,202110,7_11,台南市,財神,台南市東區中華東路二段171-177號,22.985012,120.232996
5032,20211201,202110,7_11,台南市,崇明,台南市東區林森路一段184號,22.982008,120.216256
5033,20211201,202110,7_11,台南市,崇祐,台南市東區崇成里崇明路561號1樓,22.970963,120.225831
5034,20211201,202110,7_11,台南市,崇華,台南市東區崇善路259號1樓,22.978612713373604,120.226193536243
5035,20211201,202110,7_11,台南市,崇道,台南市東區崇善路571號,22.972626,120.229956
5036,20211201,202110,7_11,台南市,崇學,台南市東區崇善路168號,22.980527,120.223208
5037,20211201,202110,7_11,台南市,祥發,台南市東區裕豐街187號1樓,22.988419,120.227231
5038,20211201,202110,7_11,台南市,凱旋,台南市東區怡東路111號1樓,22.993243,120.228017
5039,20211201,202110,7_11,台南市,勝堉,台南市東區育樂街1號,22.99534,120.217983
5040,20211201,202110,7_11,台南市,富裕,台南市東區後甲里裕農路657號1樓,22.988751,120.236357
5041,20211201,202110,7_11,台南市,森田,台南市東區東門里東門路一段199號,22.987655744668693,120.216296529666
5042,20211201,202110,7_11,台南市,新東,台南市東區林森路二段84號,22.987081,120.223219
5043,20211201,202110,7_11,台南市,新東育,台南市東區大學路西段53號1樓2樓,22.996245,120.217211
5044,20211201,202110,7_11,台南市,新新樓,台南市東區東門里前鋒路16號1樓,22.990047,120.212852
5045,20211201,202110,7_11,台南市,裕文,台南市東區裕學路1號,22.98498,120.238361
5046,20211201,202110,7_11,台南市,裕平,台南市東區關聖里裕信路177號1樓,22.98516,120.245233
5047,20211201,202110,7_11,台南市,裕孝,台南市東區裕農路888號1樓,22.989613,120.243342
5048,20211201,202110,7_11,台南市,裕信,台南市東區裕信路352號,22.979731,120.244922
5049,20211201,202110,7_11,台南市,裕興,台南市東區復興里裕文路76號1樓,22.982521,120.241584
5050,20211201,202110,7_11,台南市,裕豐,台南市東區東門路二段289、291、293號1樓,22.983536,120.226367
5051,20211201,202110,7_11,台南市,鼎亨,台南市東區德東街101號,22.961828,120.230607
5052,20211201,202110,7_11,台南市,榮譽,台南市東區榮譽街86號86-1號1樓,22.9746966995062,120.217411530922
5053,20211201,202110,7_11,台南市,福耀,台南市東區崇明路377號377-1號,22.975055,120.222565
5054,20211201,202110,7_11,台南市,億載,台南市東區大同路二段95-3號,22.979125,120.213308
5055,20211201,202110,7_11,台南市,德光,台南市東區崇德路269號,22.978292,120.221589
5056,20211201,202110,7_11,台南市,慶東,台南市東區青年路416號,22.99113,120.216544
5057,20211201,202110,7_11,台南市,衛國,台南市東區林森路二段192巷24弄5號.7號,22.989228,120.22536
5058,20211201,202110,7_11,台南市,後壁,台南市後壁區後壁里後壁71號,23.365943,120.360948
5059,20211201,202110,7_11,台南市,菁寮,台南市後壁區墨林里346號,23.378097,120.336116
5060,20211201,202110,7_11,台南市,蓮營,台南市後壁區福安里200號,23.328448,120.343968
5061,20211201,202110,7_11,台南市,東山站,台南市東山區科里里枋子林74-6號,23.287467000000003,120.39844
5062,20211201,202110,7_11,台南市,東美,台南市東山區中興路1號,23.321935,120.403114
5063,20211201,202110,7_11,台南市,東勝,台南市東山區東山里235號,23.32603,120.405008
5064,20211201,202110,7_11,台南市,崇原,台南市東山區東原里24鄰前大埔191號1樓,23.265329,120.443745
5065,20211201,202110,7_11,台南市,代天府,台南市北門區鯤江里976號,23.28609,120.14316
5066,20211201,202110,7_11,台南市,南鯤鯓,台南市北門區鯤江里841-1號,23.284537,120.137081
5067,20211201,202110,7_11,台南市,超順,台南市學甲區中正路143號,23.230587,120.179483
5068,20211201,202110,7_11,台南市,夢公園,台南市學甲區中山路187號1樓,23.235381,120.175894
5069,20211201,202110,7_11,台南市,學甲,台南市學甲區仁得里華宗路321號,23.231279,120.182378
5070,20211201,202110,7_11,台南市,學成,台南市學甲區慈生里中正路296號,23.234448,120.18064
5071,20211201,202110,7_11,台南市,學信,台南市學甲區明宜里信義路50號1樓,23.233604,120.178067
5072,20211201,202110,7_11,台南市,上營,台南市下營區中營里1286號,23.217002,120.270637
5073,20211201,202110,7_11,台南市,新下營,台南市下營區下營里中山路一段46號48號1樓,23.234966,120.262183
5074,20211201,202110,7_11,台南市,七甲,台南市六甲區六甲里中正路321之1號,23.226324,120.351122
5075,20211201,202110,7_11,台南市,六甲,台南市六甲區六甲里22鄰中正路552號,23.23074,120.35165
5076,20211201,202110,7_11,台南市,林鳳營,台南市六甲區中社里林鳳營111-8號1樓,23.244352,120.315138
5077,20211201,202110,7_11,台南市,梅花,台南市楠西區楠西里中正路176號前面,23.1757,120.485766
5078,20211201,202110,7_11,台南市,楠西,台南市楠西區鹿田里11鄰油車61號之10,23.16435,120.490324
5079,20211201,202110,7_11,台南市,趣淘,台南市楠西區密枝里密枝102之5號1樓,23.224736,120.50086
5080,20211201,202110,7_11,台南市,將軍,台南市將軍區長榮里長榮29之2號,23.197059,120.15828700000002
5081,20211201,202110,7_11,台南市,將富,台南市將軍區將富里49之八號,23.21506,120.135266
5082,20211201,202110,7_11,台南市,子龍,台南市佳里區子龍里1鄰子良廟3-1號,23.175036,120.205858
5083,20211201,202110,7_11,台南市,佳文,台南市佳里區佳西路215號1樓,23.162682,120.167511
5084,20211201,202110,7_11,台南市,佳立,台南市佳里區佳東路361號,23.161775,120.182572
5085,20211201,202110,7_11,台南市,佳成,台南市佳里區興化里佳里興570-51號1樓,23.18832,120.187621
5086,20211201,202110,7_11,台南市,佳里,台南市佳里區光復路197號197-1號,23.160046,120.174659
5087,20211201,202110,7_11,台南市,佳東,台南市佳里區進學路7號1樓,23.163905,120.183793
5088,20211201,202110,7_11,台南市,佳龍,台南市佳里區建南里勝利路216號1樓,23.148529,120.179994
5089,20211201,202110,7_11,台南市,南龍,台南市佳里區建南里安南路22鄰256號,23.151916,120.174352
5090,20211201,202110,7_11,台南市,塭內,台南市佳里區塭內里塭子內12-1號,23.125841,120.164521
5091,20211201,202110,7_11,台南市,新北中,台南市佳里區延平路195號,23.158777,120.178508
5092,20211201,202110,7_11,台南市,新佳忠,台南市佳里區安西里忠孝路212號1樓,23.169495,120.170683
5093,20211201,202110,7_11,台南市,新佳興,台南市佳里區東寧里文化路196號1樓,23.163248,120.176902
5094,20211201,202110,7_11,台南市,台首大,台南市麻豆區南勢里168號1樓,23.191978,120.270689
5095,20211201,202110,7_11,台南市,真新,台南市麻豆區油車里油車24之1號,23.189968,120.245321
5096,20211201,202110,7_11,台南市,麻中,台南市麻豆區南勢里南勢36-205號,23.183745,120.260374
5097,20211201,202110,7_11,台南市,麻佳,台南市麻豆區苓子林17-13號,23.180454,120.232151
5098,20211201,202110,7_11,台南市,麻善,台南市麻豆區晉江里民權路10-1號,23.18296,120.251322
5099,20211201,202110,7_11,台南市,麻新,台南市麻豆區中正路289號,23.189325,120.252457
5100,20211201,202110,7_11,台南市,麻學,台南市麻豆區大山里8鄰大山腳1之80號,23.190672,120.220446
5101,20211201,202110,7_11,台南市,新麻豆,台南市麻豆區榖興里11鄰中山路11號,23.183587,120.247921
5102,20211201,202110,7_11,台南市,新曾文,台南市麻豆區東角里興中路177號179號,23.18380100000001,120.253468
5103,20211201,202110,7_11,台南市,新黎明,台南市麻豆區興國路40-10號,23.180917,120.247784
5104,20211201,202110,7_11,台南市,黎營,台南市麻豆區井東里磚子井141-21號1樓,23.174449,120.246743
5105,20211201,202110,7_11,台南市,二鎮,台南市官田區二區里工社西街25巷81號,23.221034,120.330656
5106,20211201,202110,7_11,台南市,南藝,台南市官田區大崎里66號,23.185183,120.373281
5107,20211201,202110,7_11,台南市,烏山頭,台南市官田區湖山里98-4號98-5號,23.209882,120.350066
5108,20211201,202110,7_11,台南市,隆田,台南市官田區隆田里14鄰文化街130號,23.195976,120.318153
5109,20211201,202110,7_11,台南市,新大內,台南市大內區石城里石子瀨122之153號,23.119098,120.356303
5110,20211201,202110,7_11,台南市,玉井,台南市玉井區中正路54號,23.12399,120.460599
5111,20211201,202110,7_11,台南市,新玉馥,台南市玉井區玉田里中山路97號1樓,23.120913,120.465524
5112,20211201,202110,7_11,台南市,南化,台南市南化區南化里128號1樓,23.043553,120.476415
5113,20211201,202110,7_11,台南市,七股,台南市七股區七股里14鄰154-1號,23.133718,120.133984
5114,20211201,202110,7_11,台南市,大埕,台南市七股區大珵里272號1樓,23.143338,120.142134
5115,20211201,202110,7_11,台南市,西港,台南市西港區西港里中山路366-1號,23.1225,120.203246
5116,20211201,202110,7_11,台南市,後營,台南市西港區營西里1號,23.139212,120.21643600000002
5117,20211201,202110,7_11,台南市,喬興,台南市西港區慶安里新興街8-77.8-78號,23.117135,120.202635
5118,20211201,202110,7_11,台南市,嘉倫,台南市西港區中山路469之8號,23.128598,120.20138
5119,20211201,202110,7_11,台南市,慶安,台南市西港區慶安里新興街25-2號,23.12067,120.201169
5120,20211201,202110,7_11,台南市,18廠B,台南市安定區蘇林里北園二路8號,23.116113,120.263396
5121,20211201,202110,7_11,台南市,F18,台南市安定區北園二路8號1樓,23.116543,120.263442
5122,20211201,202110,7_11,台南市,F18B,台南市安定區北園二路8號1樓,23.116543,120.263442
5123,20211201,202110,7_11,台南市,F18P,台南市安定區蘇林里北園二路8號,23.116113,120.263396
5124,20211201,202110,7_11,台南市,安科,台南市安定區嘉同里六塊寮10-13.10-15號,23.082351,120.222446
5125,20211201,202110,7_11,台南市,安高,台南市安定區港尾里港子尾37-28號,23.103826,120.23589
5126,20211201,202110,7_11,台南市,海寮,台南市安定區海寮里海寮街8號,23.096525,120.20968899999998
5127,20211201,202110,7_11,台南市,港達,台南市安定區港口里245-10號1樓,23.091984,120.235537
5128,20211201,202110,7_11,台南市,港龍,台南市安定區港南里163號,23.090652,120.232912
5129,20211201,202110,7_11,台南市,善安,台南市安定區蘇林里7號,23.126624,120.255229
5130,20211201,202110,7_11,台南市,新吉,台南市安定區新吉里新吉126之12_126之13號,23.084579,120.210291
5131,20211201,202110,7_11,台南市,新安發,台南市安定區安加里安定407號,23.120589,120.236093
5132,20211201,202110,7_11,台南市,P1廠,台南市善化區南科北路1之1號1樓,23.111607,120.275124
5133,20211201,202110,7_11,台南市,P7廠,台南市善化區南關里三抱竹路1號,23.107446,120.267164
5134,20211201,202110,7_11,台南市,六分寮,台南市善化區田寮里六分寮74-1號74-2號,23.152998,120.301065
5135,20211201,202110,7_11,台南市,牛墟,台南市善化區什乃里什乃190號,23.139053,120.288244
5136,20211201,202110,7_11,台南市,邦品廠,台南市善化區環西路二段3號,23.109934,120.269896
5137,20211201,202110,7_11,台南市,松美,台南市善化區小新里成功路2-2號,23.127407,120.31863
5138,20211201,202110,7_11,台南市,茄拔,台南市善化區嘉北里13鄰352號,23.137489,120.322488
5139,20211201,202110,7_11,台南市,飛鳥,台南市善化區文光里建國路386號1樓,23.134582,120.293839
5140,20211201,202110,7_11,台南市,晶圓,台南市善化區南科北路1-1號(P3廠),23.111105,120.276272
5141,20211201,202110,7_11,台南市,朝日,台南市善化區蓮潭里龍目井路433.435號1樓,23.109175,120.305299
5142,20211201,202110,7_11,台南市,善文,台南市善化區中山路518號,23.132753,120.288324
5143,20211201,202110,7_11,台南市,善成,台南市善化區中正路386號,23.129239,120.294043
5144,20211201,202110,7_11,台南市,善良,台南市善化區中正路385號1樓,23.127722,120.293927
5145,20211201,202110,7_11,台南市,善和,台南市善化區坐駕里大成路319號,23.129628,120.298235
5146,20211201,202110,7_11,台南市,善營,台南市善化區小新里成功路173之1號,23.128371,120.313629
5147,20211201,202110,7_11,台南市,陽光城,台南市善化區蓮潭里9鄰陽光大道198號1樓,23.111778,120.307089
5148,20211201,202110,7_11,台南市,新P5,台南市善化區南科九路17號(P5P6廠O棟),23.114152,120.267549
5149,20211201,202110,7_11,台南市,新六廠,台南市善化區南科北路1號1樓,23.110022,120.272497
5150,20211201,202110,7_11,台南市,新樹人,台南市善化區光文里中山路143-2號,23.132746,120.30152
5151,20211201,202110,7_11,台南市,群創B,台南市善化區南關里南科八路12號B1樓,23.118464000000003,120.275764
5152,20211201,202110,7_11,台南市,群創C,台南市善化區南科八路12號B1,23.115358,120.276552
5153,20211201,202110,7_11,台南市,興農,台南市善化區興農路4號,23.133064,120.283769
5154,20211201,202110,7_11,台南市,三舍,台南市新市區三舍里三舍55號,23.089691,120.295447
5155,20211201,202110,7_11,台南市,大營,台南市新市區大營里136-1號,23.09654,120.312868
5156,20211201,202110,7_11,台南市,東科,台南市新市區三舍里大順三路125號1樓,23.102288,120.288251
5157,20211201,202110,7_11,台南市,社頂,台南市新市區大社里大社710號1樓,23.089296,120.31755
5158,20211201,202110,7_11,台南市,南茂,台南市新市區南科七路5號2樓,23.109755,120.276137
5159,20211201,202110,7_11,台南市,省新,台南市新市區永就里9鄰中山路180號1樓,23.072232,120.29783799999998
5160,20211201,202110,7_11,台南市,高大,台南市新市區銘傳街87號89號1樓,23.07403900000001,120.289832
5161,20211201,202110,7_11,台南市,高吉,台南市新市區新和里中正路193號,23.076506,120.291549
5162,20211201,202110,7_11,台南市,高長,台南市新市區新和里仁愛街171號,23.074523000000006,120.293115
5163,20211201,202110,7_11,台南市,新市,台南市新市區華興街48號1樓,23.077115,120.29426399999998
5164,20211201,202110,7_11,台南市,新南科,台南市新市區南科三路17、19號1樓(台南科學工業區),23.098325,120.281701
5165,20211201,202110,7_11,台南市,新科,台南市新市區新市里中興街162號1樓,23.078314,120.291588
5166,20211201,202110,7_11,台南市,新凱,台南市新市區社內里12之5號,23.077093,120.284441
5167,20211201,202110,7_11,台南市,新新善,台南市新市區復興路59號61號63號一樓,23.081212,120.295312
5168,20211201,202110,7_11,台南市,新墘,台南市新市區港墘里民族路118號,23.082171,120.29941200000002
5169,20211201,202110,7_11,台南市,新雙新,台南市新市區永就里中山路227號1樓,23.067554,120.290984
5170,20211201,202110,7_11,台南市,群創三,台南市新市區環西路二段2號1樓(群創三廠),23.102837,120.277448
5171,20211201,202110,7_11,台南市,群創五,台南市新市區環西路二段2號1樓(群創五廠),23.105405,120.276782
5172,20211201,202110,7_11,台南市,遠專,台南市新市區永就里中華路53巷9號,23.064563,120.294553
5173,20211201,202110,7_11,台南市,潭頂,台南市新市區潭頂里潭頂400號,23.076931,120.321573
5174,20211201,202110,7_11,台南市,樹谷,台南市新市區中心路2號1樓,23.10324,120.26066000000002
5175,20211201,202110,7_11,台南市,聯晶,台南市新市區豐華里南科二路18號7樓,23.094929,120.276585
5176,20211201,202110,7_11,台南市,聯電,台南市新市區南科三路57號,23.097518,120.275531
5177,20211201,202110,7_11,台南市,瀚宇,台南市新市區南科二路35號1樓,23.094835,120.28013500000002
5178,20211201,202110,7_11,台南市,山上,台南市山上區南洲337-3號,23.103194,120.35212
5179,20211201,202110,7_11,台南市,三麗,台南市新化區協興里正新路305號1樓,23.038692,120.30281200000002
5180,20211201,202110,7_11,台南市,大目降,台南市新化區正新路233號,23.03606,120.302836
5181,20211201,202110,7_11,台南市,那菝,台南市新化區那菝林241號,23.067965,120.351535
5182,20211201,202110,7_11,台南市,奇佳,台南市新化區信義路373號1樓,23.034452,120.304032
5183,20211201,202110,7_11,台南市,知母義,台南市新化區知義里知母義15號之20一樓,23.023327,120.309056
5184,20211201,202110,7_11,台南市,星辰,台南市新化區全興里竹子腳178號,23.027985,120.293423
5185,20211201,202110,7_11,台南市,清美,台南市新化區協興里中山路624號626號1樓,23.036695,120.299597
5186,20211201,202110,7_11,台南市,清新,台南市新化區武安里中正路321號,23.033566,120.308367
5187,20211201,202110,7_11,台南市,新化,台南市新化區中正路557號,23.038304,120.30706200000002
5188,20211201,202110,7_11,台南市,新興運,台南市新化區護國里中山路211號,23.03613,120.309619
5189,20211201,202110,7_11,台南市,遠德,台南市新化區北勢里中正路1211號,23.059859,120.296577
5190,20211201,202110,7_11,台南市,車讚,台南市關廟區北花里中正路517號,22.964529,120.340618
5191,20211201,202110,7_11,台南市,保東,台南市關廟區關新路二段7號,22.996354,120.308087
5192,20211201,202110,7_11,台南市,威保,台南市關廟區南雄路一段851號1樓,22.952339,120.330339
5193,20211201,202110,7_11,台南市,香洋,台南市關廟區香洋里中山路一段203號1樓,22.958767,120.331743
5194,20211201,202110,7_11,台南市,鼎利,台南市關廟區南雄路二段210號,22.964638,120.328961
5195,20211201,202110,7_11,台南市,鼎富,台南市關廟區南花里中正路881號,22.96179,120.33138999999998
5196,20211201,202110,7_11,台南市,鼎鑫,台南市關廟區中山路二段27號1樓,22.959925,120.327067
5197,20211201,202110,7_11,台南市,關聖,台南市關廟區南雄路一段471號,22.949068,120.332212
5198,20211201,202110,7_11,台南市,八甲,台南市歸仁區八甲里中正北路一段194號,22.974098,120.296015
5199,20211201,202110,7_11,台南市,大通,台南市歸仁區和平北街32號,22.967801,120.296348
5200,20211201,202110,7_11,台南市,大潭,台南市歸仁區大潭里長榮路一段320巷11號,22.909889,120.27178700000002
5201,20211201,202110,7_11,台南市,仁興,台南市歸仁區南保里大德路307號,22.973453,120.287845
5202,20211201,202110,7_11,台南市,六發,台南市歸仁區六甲里中正南路一段1020號,22.952937,120.279222
5203,20211201,202110,7_11,台南市,加賀,台南市歸仁區大廟里大廟一街1號,22.997053,120.277162
5204,20211201,202110,7_11,台南市,立昌,台南市歸仁區中山路三段370號,22.968625,120.27923
5205,20211201,202110,7_11,台南市,立青,台南市歸仁區南保里民權南路108號,22.964769,120.287621
5206,20211201,202110,7_11,台南市,立登,台南市歸仁區民生北路106號,22.970619,120.281108
5207,20211201,202110,7_11,台南市,伍誼,台南市歸仁區復興路162之1號,22.965643,120.294313
5208,20211201,202110,7_11,台南市,沙崙站,台南市歸仁區沙崙里歸仁大道100號二樓,22.924423,120.285955
5209,20211201,202110,7_11,台南市,東利,台南市歸仁區南保里文化街三段47號1樓,22.970856,120.287406
5210,20211201,202110,7_11,台南市,花田,台南市歸仁區中正北路二段130號1樓,22.981766,120.293689
5211,20211201,202110,7_11,台南市,長榮大,台南市歸仁區長大路1號(長榮大學內第4宿舍B1),22.905322,120.274795
5212,20211201,202110,7_11,台南市,紅瓦厝,台南市歸仁區大成路211號1樓,22.960626,120.296281
5213,20211201,202110,7_11,台南市,真潭,台南市歸仁區大潭里中正南路三段22號,22.915965,120.271982
5214,20211201,202110,7_11,台南市,高鐵南站,台南市歸仁區沙崙里歸仁大道100號,22.924641,120.28566200000002
5215,20211201,202110,7_11,台南市,歸仁,台南市歸仁區中山路二段60號,22.967072,120.292373
5216,20211201,202110,7_11,台南市,豐生,台南市歸仁區看東里中山路一段301號,22.96561,120.302716
5217,20211201,202110,7_11,台南市,騰揮,台南市歸仁區中正南路一段110號,22.964211,120.293072
5218,20211201,202110,7_11,台南市,大嘉瑩,台南市仁德區二仁路一段124.126號,22.922681,120.224297
5219,20211201,202110,7_11,台南市,大瑩,台南市仁德區二行里中正西路347號1樓,22.917767,120.21796
5220,20211201,202110,7_11,台南市,中洲,台南市仁德區中洲里中洲276-16號276-17號,22.907722,120.250914
5221,20211201,202110,7_11,台南市,仁大,台南市仁德區太子里太子路120號122號,22.991554,120.265891
5222,20211201,202110,7_11,台南市,仁伯,台南市仁德區後壁里德安路188號,22.948575,120.255667
5223,20211201,202110,7_11,台南市,仁義,台南市仁德區中正路二段1052號,22.968146,120.252862
5224,20211201,202110,7_11,台南市,仁德,台南市仁德區中山路497、499、501號1樓,22.971116,120.254872
5225,20211201,202110,7_11,台南市,文安,台南市仁德區文賢路一段576號,22.930991,120.230977
5226,20211201,202110,7_11,台南市,北站,台南市仁德區中洲村中洲路1巷200號1樓,22.906465,120.266173
5227,20211201,202110,7_11,台南市,奇美博,台南市仁德區文華路二段66號,22.934606,120.225742
5228,20211201,202110,7_11,台南市,奇美實,台南市仁德區三甲里59-1號,22.926605,120.243828
5229,20211201,202110,7_11,台南市,奇勝,台南市仁德區新田里勝利路139號,22.956479,120.261225
5230,20211201,202110,7_11,台南市,奇博,台南市仁德區文華路二段66號1樓,22.935565,120.226677
5231,20211201,202110,7_11,台南市,林頂,台南市仁德區中山路155號,22.970129,120.264017
5232,20211201,202110,7_11,台南市,虎尾寮,台南市仁德區仁德里文德路157號,22.973523,120.247805
5233,20211201,202110,7_11,台南市,長安營,台南市仁德區保仁路195號(營區內),22.959603,120.220292
5234,20211201,202110,7_11,台南市,長益,台南市仁德區土庫里太子路233號,22.991133,120.261592
5235,20211201,202110,7_11,台南市,保正,台南市仁德區中正路一段529號,22.937835,120.247898
5236,20211201,202110,7_11,台南市,保華,台南市仁德區成功里崇德路88號,22.959181,120.227865
5237,20211201,202110,7_11,台南市,南站,台南市仁德區中洲村中洲路1巷220號1樓,22.905964,120.265044
5238,20211201,202110,7_11,台南市,家園,台南市仁德區長興路77之1號.83號,22.993852,120.260056
5239,20211201,202110,7_11,台南市,素心,台南市仁德區中山路258號260號,22.970838,120.26025
5240,20211201,202110,7_11,台南市,高梓,台南市仁德區後璧里中正路二段387號,22.953123,120.251756
5241,20211201,202110,7_11,台南市,常興,台南市仁德區中正路三段701號,22.991613,120.255507
5242,20211201,202110,7_11,台南市,華立,台南市仁德區仁義里中清路208號,22.974141,120.25628600000002
5243,20211201,202110,7_11,台南市,華億,台南市仁德區文華路三段432.436號,22.970697,120.243425
5244,20211201,202110,7_11,台南市,華醫,台南市仁德區民安路一段115號,22.959197,120.240566
5245,20211201,202110,7_11,台南市,新正賢,台南市仁德區保安里中正路一段209號,22.92238,120.236324
5246,20211201,202110,7_11,台南市,嘉南,台南市仁德區二行里二仁路一段151號,22.920336,120.225012
5247,20211201,202110,7_11,台南市,嘉營,台南市仁德區中正路一段73號,22.919318,120.229408
5248,20211201,202110,7_11,台南市,德南,台南市仁德區中正路二段224號,22.94864500000001,120.251388
5249,20211201,202110,7_11,台南市,德航,台南市仁德區大同路三段202號,22.957158,120.217267
5250,20211201,202110,7_11,台南市,德欽,台南市仁德區後壁里德南路3鄰92號,22.946863,120.25464
5251,20211201,202110,7_11,台南市,德發,台南市仁德區中正路三段42號,22.972904,120.252344
7358,20211201,202110,全聯,台南市,下營中山,台南市下營區中山路１段250號,23.236748,120.266546
7359,20211201,202110,全聯,台南市,台南大勇,台南市中西區金華路３段69號,22.989968,120.192317
7360,20211201,202110,全聯,台南市,台南康樂,台南市中西區康樂街233。237。241號,22.995136,120.194694
7361,20211201,202110,全聯,台南市,台南民權,台南市中西區民權路４段350、352號,22.999375,120.177521
7362,20211201,202110,全聯,台南市,台南西和,台南市中西區西和路106號,23.000618,120.189254
7363,20211201,202110,全聯,台南市,台南仁德,德區民安路一段402號,22.953575,120.250897
7364,20211201,202110,全聯,台南市,仁德中清,台南市仁德區中清路167.169號,22.9734697,120.2561426
7365,20211201,202110,全聯,台南市,台南六甲,台南市六甲區中山路93號,23.231025,120.349648
7366,20211201,202110,全聯,台南市,台南湖美,區和緯路五段30號,23.006557,120.185447
7367,20211201,202110,全聯,台南市,延平,區公園路798號1樓,23.011931,120.211274
7368,20211201,202110,全聯,台南市,台南和緯,區和緯路二段172號,23.01198,120.207519
7369,20211201,202110,全聯,台南市,台南海安,台南市北區海安路３段747號,23.012496,120.200311
7370,20211201,202110,全聯,台南市,台南開元,台南市北區開元路153號,23.007286,120.21891399999998
7371,20211201,202110,全聯,台南市,台南忠義,台南市北區忠義路３段85、87號,23.000735,120.205674
7372,20211201,202110,全聯,台南市,台南西門,台南市北區西門路４段111號,23.008487,120.20688
7373,20211201,202110,全聯,台南市,永康復國,台南市永康區復國一路5號,23.002239000000007,120.245875
7374,20211201,202110,全聯,台南市,永康大橋,台南市永康區大橋二街218號,23.021258,120.230693
7375,20211201,202110,全聯,台南市,永康中華,台南市永康區中華路575號,23.012833,120.230887
7376,20211201,202110,全聯,台南市,永康大灣,康區崑山街1號,23.000323,120.257831
7377,20211201,202110,全聯,台南市,永康永大,康區永大路三段35號,23.027588,120.260494
7378,20211201,202110,全聯,台南市,永康南工,康區中山南路282之5號,23.020054,120.241349
7379,20211201,202110,全聯,台南市,永康正強,台南市永康區正強街172號,23.027635,120.252005
7380,20211201,202110,全聯,台南市,永康中山南,台南市永康區中山南路451號,23.022199,120.248893
7381,20211201,202110,全聯,台南市,永康富強,台南市永康區富強路１段108.110號,23.015618,120.273133
7382,20211201,202110,全聯,台南市,永康北灣,台南市永康區永大路２段936號,23.016132,120.263449
7383,20211201,202110,全聯,台南市,永康中華西,台南市永康區中華路735、737、739號,23.017834,120.227006
7384,20211201,202110,全聯,台南市,永康永華,台南市永康區永華路176號,23.008189,120.259864
7385,20211201,202110,全聯,台南市,永康中正北,台南市永康區中正北路125號,23.041985,120.240933
7386,20211201,202110,全聯,台南市,台南玉井,台南市玉井區中華路283號,23.120154,120.466454
7387,20211201,202110,全聯,台南市,白河富民,台南市白河區富民路142號,23.345102,120.414207
7388,20211201,202110,全聯,台南市,白河國泰,台南市白河區國泰路127號,23.348013,120.41289
7389,20211201,202110,全聯,台南市,台南華平,台南市安平區華平路619號,22.996314,120.175759
7390,20211201,202110,全聯,台南市,台南國平,台南市安平區國平路210-218號,22.990593,120.171155
7391,20211201,202110,全聯,台南市,台南永華,台南市安平區華平路271、273、275、277號,22.990061,120.174816
7392,20211201,202110,全聯,台南市,台南安中,台南市安南區安中路１段872號,23.044051,120.193838
7393,20211201,202110,全聯,台南市,培安,台南市安南區安和路１段463號,23.036363,120.213462
7394,20211201,202110,全聯,台南市,台南海佃,台南市安南區海佃路３段138號,23.049859,120.181708
7395,20211201,202110,全聯,台南市,台南北安,台南市安南區北安路３段92.96號,23.040926,120.203091
7396,20211201,202110,全聯,台南市,台南土城,台南市安南區安中路６段702號,23.0647,120.128545
7397,20211201,202110,全聯,台南市,台南安和,台南市安南區安和路５段316.318號,23.068911,120.216482
7398,20211201,202110,全聯,台南市,台南育安,台南市安南區育安街116.120號,23.04704,120.215819
7399,20211201,202110,全聯,台南市,台南安富,台南市安南區安富街346號,23.026237,120.19343899999998
7400,20211201,202110,全聯,台南市,台南公學,台南市安南區公學路４段29號。31號,23.067668,120.178718
7401,20211201,202110,全聯,台南市,台南州南,台南市安南區安和路４段259、261號,23.05612600000001,120.218465
7402,20211201,202110,全聯,台南市,西港新興,台南市西港區新興街8-78號,23.117408,120.202808
7403,20211201,202110,全聯,台南市,佳里中山,台南市佳里區中山路452.456號,23.164736,120.17771100000002
7404,20211201,202110,全聯,台南市,佳里仁愛,台南市佳里區仁愛路388號,23.154734,120.176689
7405,20211201,202110,全聯,台南市,佳里,里區建南街112號,23.157885,120.176488
7406,20211201,202110,全聯,台南市,佳里安西,台南市佳里區安西路205號,23.164381,120.170908
7407,20211201,202110,全聯,台南市,官田中山,台南市官田區中山路１段135號,23.192974,120.312002
7408,20211201,202110,全聯,台南市,東山中興,台南市東山區中興南路46號,23.319743,120.403457
7409,20211201,202110,全聯,台南市,台南崇明,台南市東區崇明路385號1、2樓,22.974638,120.222863
7410,20211201,202110,全聯,台南市,後甲,區東安路20號,22.991121,120.226197
7411,20211201,202110,全聯,台南市,崇善,區崇善路666號,22.968151,120.231245
7412,20211201,202110,全聯,台南市,裕農,區裕農路400號,22.98758,120.231162
7413,20211201,202110,全聯,台南市,台南中華東,區中華東路二段237號1樓,22.983419,120.231926
7414,20211201,202110,全聯,台南市,台南崇德,台南市東區崇德路154-156號,22.979029,120.220191
7415,20211201,202110,全聯,台南市,台南崇道,台南市東區崇道路22.24號,22.972144,120.226355
7416,20211201,202110,全聯,台南市,台南仁和,台南市東區仁和路77-38號,22.973962,120.231779
7417,20211201,202110,全聯,台南市,台南小東,台南市東區小東路246號,22.999266,120.229145
7418,20211201,202110,全聯,台南市,台南長榮,台南市東區長榮路２段180號,22.990131,120.220739
7419,20211201,202110,全聯,台南市,台南裕忠,台南市東區裕忠路107號,22.985889,120.241929
7420,20211201,202110,全聯,台南市,台南自由,台南市東區自由路３段376號,22.982564,120.237347
7421,20211201,202110,全聯,台南市,金華,區金華路二段85號,22.979291,120.191191
7422,20211201,202110,全聯,台南市,台南鹽埕,區金華路一段365號,22.969425,120.190284
7423,20211201,202110,全聯,台南市,台南永成,台南市南區永成路３段523號,22.973993,120.195211
7424,20211201,202110,全聯,台南市,台南健康,台南市南區健康路１段435號,22.981303,120.198234
7425,20211201,202110,全聯,台南市,台南中華西,台南市南區中華西路１段306號,22.982604,120.186265
7426,20211201,202110,全聯,台南市,台南明興,台南市南區明興路55  57號,22.959543,120.187945
7427,20211201,202110,全聯,台南市,台南夏林,台南市南區夏林路71號,22.9829991,120.1952445
7428,20211201,202110,全聯,台南市,台南灣裡,台南市南區興南街200號,22.921354,120.181477
7429,20211201,202110,全聯,台南市,柳營中山,台南市柳營區中山西路１段165號,23.278946,120.320833
7430,20211201,202110,全聯,台南市,麻豆興中,台南市麻豆區興中路248之21號、250巷7號,23.183501,120.259194
7431,20211201,202110,全聯,台南市,麻豆,豆區博愛路7號,23.185315,120.250753
7432,20211201,202110,全聯,台南市,麻豆中山,台南市麻豆區中山路82號,23.183854,120.246186
7433,20211201,202110,全聯,台南市,麻豆中正,台南市麻豆區中正路348.348-1號,23.189147,120.252816
7434,20211201,202110,全聯,台南市,善化忠孝,台南市善化區忠孝路66號,23.132616,120.303192
7435,20211201,202110,全聯,台南市,善化中正,台南市善化區中正路419號,23.128876,120.293893
7436,20211201,202110,全聯,台南市,新化,化區中正路540之1號,23.039989,120.30702
7437,20211201,202110,全聯,台南市,新化忠孝,台南市新化區忠孝路198-7、202號,23.037013,120.300712
7438,20211201,202110,全聯,台南市,台南新市,台南市新市區中正路162號,23.07428,120.291524
7439,20211201,202110,全聯,台南市,新市復興,台南市新市區復興路213、215號,23.085204,120.295181
7440,20211201,202110,全聯,台南市,新營復興,台南市新營區復興路150-3號1.2樓,23.303263,120.308117
7441,20211201,202110,全聯,台南市,民治,營區民治路5之1號1樓,23.310854,120.320828
7442,20211201,202110,全聯,台南市,新營民生,台南市新營區民生路172號,23.311551,120.307132
7443,20211201,202110,全聯,台南市,新營金華,台南市新營區隋唐街197號,23.307731,120.30057
7444,20211201,202110,全聯,台南市,學甲華宗,台南市學甲區華宗路501號,23.236003,120.182635
7445,20211201,202110,全聯,台南市,歸仁,仁區復興路87號,22.965,120.295926
7446,20211201,202110,全聯,台南市,歸仁中山,台南市歸仁區中山路３段2號,22.967742,120.287665
7447,20211201,202110,全聯,台南市,台南關廟,台南市關廟區南雄路１段1001號,22.95611,120.328547
7448,20211201,202110,全聯,台南市,關廟南雄,台南市關廟區南雄路２段417.421號,22.965703,120.327936
7449,20211201,202110,全聯,台南市,鹽水,台南市鹽水區後厝70號,23.319945,120.271833
7636,20211201,202110,中華電信,台南市,新營民治特約服務中心,73047台南市新營區民治路343號,23.304261,120.30276200000002
7637,20211201,202110,中華電信,台南市,麻豆興中特約服務中心,72149台南市麻豆區興中路169號,23.183765,120.253249
7638,20211201,202110,中華電信,台南市,新化中正特約服務中心,71241台南市新化區中正路445號,23.036122,120.307899
7639,20211201,202110,中華電信,台南市,台南新市特約服務中心,74441台南市新市區仁愛街254號,23.075993,120.293615
7640,20211201,202110,中華電信,台南市,歸仁中山特約服務中心,71146台南市歸仁區中山路二段255號,22.96729,120.288242
7641,20211201,202110,中華電信,台南市,永康大灣特約服務中心,71061台南市永康區大灣路457號,23.002154,120.265105
7642,20211201,202110,中華電信,台南市,永康中山特約服務中心,71075台南市永康區中山南路32-6號,23.012367,120.227839
7643,20211201,202110,中華電信,台南市,永康中華特約服務中心,71079台南市永康區中華路456號,23.010677,120.232819
7644,20211201,202110,中華電信,台南市,台南東寧特約服務中心,70165台南市東區東寧路429號,22.989227,120.230217
7645,20211201,202110,中華電信,台南市,台南中華特約服務中心,70155台南市東區中華東路二段325號,22.981728,120.230175
7646,20211201,202110,中華電信,台南市,台南崇德特約服務中心,70173台南市東區崇德路627號、627之1號,22.971313,120.225481
7647,20211201,202110,中華電信,台南市,台南中華東特約服務中心,70168台南市東區中華東路三段201號,22.976374,120.22561
7648,20211201,202110,中華電信,台南市,台南大林特約服務中心,70263台南市南區大林路6號,22.976388,120.213398
7649,20211201,202110,中華電信,台南市,台南金華特約服務中心,70260台南市南區金華路二段119~123號,22.980093,120.191229
7650,20211201,202110,中華電信,台南市,台南民生特約服務中心,70048台南市中西區民生路一段78號,22.993732,120.202325
7651,20211201,202110,中華電信,台南市,台南海佃特約服務中心,70970台南市安南區海佃路一段192號,23.024848,120.191692
7652,20211201,202110,中華電信,台南市,台南安和特約服務中心,70969台南市安南區安和路四段496號,23.060779,120.218816
8019,20211201,202110,中華電信,台南市,新營服務中心,73047台南市新營區民治路105號,23.308683,120.305669
8020,20211201,202110,中華電信,台南市,新營中山服務中心,73065台南市新營區中山路175之1號,23.303522,120.315523
8021,20211201,202110,中華電信,台南市,鹽水服務中心,73742台南市鹽水區南門路132號,23.312895,120.269277
8022,20211201,202110,中華電信,台南市,白河服務中心,73242台南市白河區三民路408號,23.351494,120.416384
8023,20211201,202110,中華電信,台南市,麻豆服務中心,72148台南市麻豆區興國路23號,23.182048,120.248121
8024,20211201,202110,中華電信,台南市,下營服務中心,73546台南市下營區中山路一段257號,23.236873000000006,120.26637
8025,20211201,202110,中華電信,台南市,六甲服務中心,73441台南市六甲區建國街67號,23.231405,120.352159
8026,20211201,202110,中華電信,台南市,佳里服務中心,72252台南市佳里區進學路256號,23.164269,120.175749
8027,20211201,202110,中華電信,台南市,佳里延平服務中心,72241台南市佳里區延平路106號,23.155996,120.17923
8028,20211201,202110,中華電信,台南市,西港服務中心,72343台南市西港區文化路60號,23.123743,120.206389
8029,20211201,202110,中華電信,台南市,七股服務中心,72441台南市七股區大埕里373號,23.141149,120.139894
8030,20211201,202110,中華電信,台南市,將軍服務中心,72544台南市將軍區忠興里187號,23.200379,120.158386
8031,20211201,202110,中華電信,台南市,北門服務中心,72742台南市北門區北門里北門1號,23.268139,120.124236
8032,20211201,202110,中華電信,台南市,學甲服務中心,72641台南市學甲區濟生路67號,23.232036,120.18356
8033,20211201,202110,中華電信,台南市,新化服務中心,71247台南市新化區大德路30號,23.044705,120.30301
8034,20211201,202110,中華電信,台南市,善化服務中心,74154台南市善化區中山路246號,23.13231,120.297174
8035,20211201,202110,中華電信,台南市,南科服務中心,74144台南市新市區南科六路6號之1,23.10594,120.279736
8036,20211201,202110,中華電信,台南市,新市中正服務中心,74444台南市新市區中正路47號,23.0793362,120.29222
8037,20211201,202110,中華電信,台南市,玉井服務中心,71445台南市玉井區中正路42號,23.123565,120.460349
8038,20211201,202110,中華電信,台南市,仁德服務中心,71749台南市仁德區中正路二段1136號,22.970151,120.252122
8039,20211201,202110,中華電信,台南市,歸仁服務中心,71147台南市歸仁區文化街二段15號,22.969577,120.29403
8040,20211201,202110,中華電信,台南市,關廟服務中心,71846台南市關廟區忠孝街113號,22.963165,120.327306
8041,20211201,202110,中華電信,台南市,台南中華服務中心,71049台南市永康區中華路680 號,23.015594,120.229622
8042,20211201,202110,中華電信,台南市,永康中山服務中心,71078台南市永康區中山南路462號,23.017485,120.239079
8043,20211201,202110,中華電信,台南市,永康服務中心,71071台南市永康區中山南路515號,23.022962,120.250745
8044,20211201,202110,中華電信,台南市,成大服務中心,70145台南市東區東寧路西段15號,22.992274,120.217078
8045,20211201,202110,中華電信,台南市,東門服務中心,70157台南市東區東門路二段350號,22.982753,120.226974
8046,20211201,202110,中華電信,台南市,仁和服務中心,70158台南市東區仁和路76號,22.975621,120.230528
8047,20211201,202110,中華電信,台南市,文賢服務中心,70459台南市北區文賢路815號,23.016477,120.193286
8048,20211201,202110,中華電信,台南市,公園服務中心,70446台南市北區公園路966號,23.0160821,120.2143739
8049,20211201,202110,中華電信,台南市,大同服務中心,70047台南市中西區大同路一段236號,22.982034,120.21151299999998
8050,20211201,202110,中華電信,台南市,台南服務中心,70007台南市中西區西門路一段701號,22.987889000000006,120.197315
8051,20211201,202110,中華電信,台南市,成功服務中心,70050台南市中西區成功路3號,22.997263,120.210329
8052,20211201,202110,中華電信,台南市,安南服務中心,70964台南市安南區安中路一段678號,23.042514,120.196847
8053,20211201,202110,中華電信,台南市,安中服務中心,70960台南市安南區安中路三段370號,23.049095,120.175471
8054,20211201,202110,中華電信,台南市,華平服務中心,70847台南市安平區華平路500號,22.993458,120.175665
8811,20211201,202110,OK便利商店,台南市,OK台南官田店,台南市官田區南?32號1樓,23.2140322,120.3071725
8812,20211201,202110,OK便利商店,台南市,OK台南新孝店,台南市南區新孝路90號1樓,22.9779171,120.1881753
8813,20211201,202110,OK便利商店,台南市,OK歸仁媽廟店,台南市歸仁區和順路１段1號1樓,22.9931882,120.2933835
8814,20211201,202110,OK便利商店,台南市,OK台南開元店,台南市北區開元路485巷37.39號1樓,23.011264,120.2241961
8815,20211201,202110,OK便利商店,台南市,OK台南仁和店,台南市東區自由路１段322號1+2樓,22.9704679,120.23779
8816,20211201,202110,OK便利商店,台南市,OK台鐵善化門市,台南市善化區中山路1號,23.1333235,120.3065509
8817,20211201,202110,OK便利商店,台南市,OK台南高工門市,台南市永康區中山南路193號,23.0145409,120.2335607
8818,20211201,202110,OK便利商店,台南市,OK南科中強門市,台南市新市區南科六路2-1號3樓,23.106125100000003,120.2817249
8819,20211201,202110,OK便利商店,台南市,OK永康站前店,台南市永康區中山路447號1樓,23.0380594,120.2536185
8820,20211201,202110,OK便利商店,台南市,OK善化興農店,台南市善化區興農路387號1樓,23.13126560000001,120.271691
8821,20211201,202110,OK便利商店,台南市,OK台南巴克禮店,台南市東區崇明路708號,22.9683612,120.2255636
8822,20211201,202110,OK便利商店,台南市,OK台南府前店,台南市中西區府前路１段16、18號1樓,22.989149800000003,120.2068628
8823,20211201,202110,OK便利商店,台南市,OK台南保華店,台南市仁德區保華路128號,22.9588058,120.223946
11413,20211201,202110,全家,台南市,全家台南前站店,台南市中西區中山路２０７號１＋２樓（如附圖,22.996803,120.21124
11414,20211201,202110,全家,台南市,全家台南大學店,台南市中西區五妃街１９０號全棟,22.982621,120.205858
11415,20211201,202110,全家,台南市,全家台南五妃店,台南市中西區五妃街２７０號１樓,22.982693,120.199327
11416,20211201,202110,全家,台南市,全家台南赤崁店,台南市中西區民族路二段２５７號一樓,22.996082,120.204244
11417,20211201,202110,全家,台南市,全家台南永福店,台南市中西區永福路一段１９１號,22.9880584,120.2001512
11418,20211201,202110,全家,台南市,全家台南和善店,台南市中西區和善街６９號１Ｆ,23.00156,120.190325
11419,20211201,202110,全家,台南市,全家台南康樂三店,台南市中西區府前路二段１７８號１樓,22.991463,120.193705
11420,20211201,202110,全家,台南市,全家台南美環店,台南市中西區府前路二段２７７號,22.991998,120.189753
11421,20211201,202110,全家,台南市,全家台南忠義店,台南市中西區忠義路一段５６號１樓,22.986379,120.201923
11422,20211201,202110,全家,台南市,全家台南勝興店,台南市中西區武聖路１５３號１樓,23.006043,120.190637
11423,20211201,202110,全家,台南市,全家台南尊王店,台南市中西區金華路三段１４３號一樓,22.99211,120.192774
11424,20211201,202110,全家,台南市,全家台南康樂二店,台南市中西區康樂街１５０號一樓,22.994878,120.195105
11425,20211201,202110,全家,台南市,全家台南康樂一店,台南市中西區康樂街１３５號１樓,22.99279,120.19438999999998
11426,20211201,202110,全家,台南市,全家台南美美店,台南市中西區湖美街７２號１樓及地下室,23.002222,120.180134
11427,20211201,202110,全家,台南市,全家台南成大店,台南市東區大學路１號　光復校區學生餐廳,22.996317,120.219527
11428,20211201,202110,全家,台南市,全家台南南紡店,台南市東區中華東路一段３６６號,22.99072,120.233499
11429,20211201,202110,全家,台南市,全家台南中平店,台南市東區中華東路一段８８號,22.995421,120.23415
11430,20211201,202110,全家,台南市,全家台南新義統店,台南市東區仁和路１０１－１號,22.971946,120.232807
11431,20211201,202110,全家,台南市,全家台南仁東店,台南市東區仁東街３２號１樓,22.969856,120.235379
11432,20211201,202110,全家,台南市,全家台南車頭店,台南市東區北門路二段２號,22.996406,120.212502
11433,20211201,202110,全家,台南市,全家台南一中店,台南市東區民族路一段１號,22.994134,120.215634
11434,20211201,202110,全家,台南市,全家台南東平店,台南市東區光明街２１７號，２１９號,22.995628,120.228775
11435,20211201,202110,全家,台南市,全家台南東成店,台南市東區自由路三段２２３號,22.98258114,120.23700247
11436,20211201,202110,全家,台南市,全家台南新博店,台南市東區育樂街１７０號１樓,22.994664,120.214663
11437,20211201,202110,全家,台南市,全家台南新樓店,台南市東區東門路一段５７號１樓,22.989133,120.212833
11438,20211201,202110,全家,台南市,全家台南東文店,台南市東區東門路三段１６８號,22.978179,120.233157
11439,20211201,202110,全家,台南市,全家台南林森店,台南市東區林森路二段１８８號,22.989101,120.22401
11440,20211201,202110,全家,台南市,全家台南榮寶店,台南市東區長榮路一段２３６號１樓,22.985679,120.21885
11441,20211201,202110,全家,台南市,全家台南常榮店,台南市東區長榮路三段３９號１、２樓,22.993645,120.221564
11442,20211201,202110,全家,台南市,全家台南崇善店,台南市東區崇善路６８８號,22.967506,120.231573
11443,20211201,202110,全家,台南市,全家台南東德店,台南市東區崇德路１２８號,22.979557,120.219428
11444,20211201,202110,全家,台南市,全家台南崇德店,台南市東區崇德路７３７號,22.968072,120.227695
11445,20211201,202110,全家,台南市,全家台南新崇義店,台南市東區崇德路４７１－３號,22.97485,120.22659099999998
11446,20211201,202110,全家,台南市,全家台南富農一店,台南市東區富農街二段３號１樓,22.984994,120.235456
11447,20211201,202110,全家,台南市,全家台南虎尾寮店,台南市東區裕平路１５號,22.985179,120.238908
11448,20211201,202110,全家,台南市,全家台南裕聖店,台南市東區裕信路３８３號,22.978072,120.245291
11449,20211201,202110,全家,台南市,全家台南裕義店,台南市東區裕義路５７６號,22.979531,120.247766
11450,20211201,202110,全家,台南市,全家台南榮玉店,台南市東區榮譽街６１號,22.974563,120.216777
11451,20211201,202110,全家,台南市,全家台南德東店,台南市東區德東街８３號全棟,22.961775,120.229718
11452,20211201,202110,全家,台南市,全家台南三官店,台南市南區三官路９號全部,22.980977,120.193994
11453,20211201,202110,全家,台南市,全家台南新大林店,台南市南區大同路二段１３６巷２號,22.979162,120.212617
11454,20211201,202110,全家,台南市,全家台南華興店,台南市南區中華南路二段１１０號,22.961891,120.192462
11455,20211201,202110,全家,台南市,全家台南府南店,台南市南區金華路一段４８４巷８５號,22.971938,120.192858
11456,20211201,202110,全家,台南市,全家台南水萍塭店,台南市南區金華路二段３８４號,22.984734,120.191937
11457,20211201,202110,全家,台南市,全家台南尊南店,台南市南區健康路二段２７５號１樓,22.981506,120.18988
11458,20211201,202110,全家,台南市,全家台南三喜店,台南市南區喜樹路２２０號,22.9414712743155,120.177288732399
11459,20211201,202110,全家,台南市,全家台南金華店,台南市南區新孝路７２號１樓,22.977936,120.189055
11460,20211201,202110,全家,台南市,全家台南新和店,台南市南區新建路４７號１樓,22.966965,120.185542
11461,20211201,202110,全家,台南市,全家台南新夏店,台南市南區新興路１５１號,22.977822,120.19558
11462,20211201,202110,全家,台南市,全家台南萬年店,台南市南區萬年五街２６８號１樓,22.932153,120.18858900000002
11463,20211201,202110,全家,台南市,全家台南德興店,台南市南區德興路４７－１號,22.966233,120.192391
11464,20211201,202110,全家,台南市,全家台南神鷹店,台南市南區機場路９０５號,22.954861,120.216643
11465,20211201,202110,全家,台南市,全家台南水交社店,台南市南區興昌路２號,22.976952,120.200184
11466,20211201,202110,全家,台南市,全家台南灣裡店,台南市南區興南街６３號左邊,22.923512,120.183575
11467,20211201,202110,全家,台南市,全家台南永寧店,台南市南區灣裡路２７８號,22.926859,120.182087
11468,20211201,202110,全家,台南市,全家台南大興店,台南市北區大興街３９８號,23.009285,120.18291200000002
11469,20211201,202110,全家,台南市,全家台南大豐店,台南市北區中華北路一段８０號１樓全部,23.00871,120.185925
11470,20211201,202110,全家,台南市,全家台南公園店,台南市北區公園北路１３１號１樓,23.004445,120.210518
11471,20211201,202110,全家,台南市,全家台南和順店,台南市北區和順里公園南路３６０號１樓,23.003144,120.202408
11472,20211201,202110,全家,台南市,全家台南好運店,台南市北區公園路２９１號,23.002406,120.209336
11473,20211201,202110,全家,台南市,全家台南北成店,台南市北區北成路３９號,23.018563,120.210832
11474,20211201,202110,全家,台南市,全家台南國宅店,台南市北區大道里北門路二段５４５號一樓,23.01059,120.216157
11475,20211201,202110,全家,台南市,全家台南北園店,台南市北區北園街２０號１樓及夾層,23.010625,120.223285
11476,20211201,202110,全家,台南市,全家台南臨安店,台南市北區成功路５８６號一樓,23.002282,120.195197
11477,20211201,202110,全家,台南市,全家台南長成店,台南市北區成功路２１２號,22.999098,120.203376
11478,20211201,202110,全家,台南市,全家台南忠成店,台南市北區成功路１１８，１２０號,22.998488,120.205207
11479,20211201,202110,全家,台南市,全家台南育德店,台南市北區育德路４３３號１樓,23.013784,120.206505
11480,20211201,202110,全家,台南市,全家台南和緯店,台南市北區文成里和緯路三段３３３號１樓,23.009742000000006,120.195891
11481,20211201,202110,全家,台南市,全家台南三順店,台南市北區林森路三段１５７號,23.00464609,120.22463
11482,20211201,202110,全家,台南市,全家台南長順店,台南市北區長北街１１２號,23.002395,120.204795
11483,20211201,202110,全家,台南市,全家台南全順店,台南市北區長榮路四段５９號,23.004124,120.222439
11484,20211201,202110,全家,台南市,全家台南南園店,台南市北區南園街１０２號１＋２樓,23.007748,120.225477
11485,20211201,202110,全家,台南市,全家台南文成店,台南市北區海安路三段８１７號１樓,23.016079,120.200045
11486,20211201,202110,全家,台南市,全家台南文平店,台南市安平區文平路４０５．４０７號,22.992498,120.178586
11487,20211201,202110,全家,台南市,全家台南新市政店,台南市安平區永華路二段２８８號１樓與夾層,22.990217,120.179602
11488,20211201,202110,全家,台南市,全家台南新安平店,台南市安平區安平路１７７號１樓,23.000149,120.161216
11489,20211201,202110,全家,台南市,全家台南河美店,台南市安平區安平路４２８號,22.998221,120.17394
11490,20211201,202110,全家,台南市,全家台南康平店,台南市安平區健康三街２２號,22.98554,120.168074
11491,20211201,202110,全家,台南市,全家台南康裕店,台南市安平區健康三街２０９號１樓,22.989723,120.168614
11492,20211201,202110,全家,台南市,全家台南新康華店,台南市安平區健康三街２３５號,22.990826,120.168818
11493,20211201,202110,全家,台南市,全家台南建平店,台南市安平區文平里健康路三段１０號一樓,22.982904,120.181119
11494,20211201,202110,全家,台南市,全家台南國平店,台南市安平區平通里國平路５９９之１號１樓,22.996717,120.171288
11495,20211201,202110,全家,台南市,全家台南承天店,台南市安平區慶平路５７３號１樓,22.997511,120.169768
11496,20211201,202110,全家,台南市,全家台南慶平店,台南市安平區建平里５鄰慶平路８０號１樓,22.99711,120.182187
11497,20211201,202110,全家,台南市,全家台南大安店,台南市安南區大安街１４０號１樓,23.032948,120.193224
11498,20211201,202110,全家,台南市,全家台南安慶店,台南市安南區理想里大安街７２８號一樓,23.040542,120.190508
11499,20211201,202110,全家,台南市,全家台南學東店,台南市安南區公學路六段６１５號,23.078365,120.144595
11500,20211201,202110,全家,台南市,全家台南北州店,台南市安南區北安路四段２１０號,23.0596189999,120.214075999
11501,20211201,202110,全家,台南市,全家台南台江店,台南市安南區台江大道二段４８１號,23.059294,120.200835
11502,20211201,202110,全家,台南市,全家台南新本原店,台南市安南區本原街三段２４７號１樓,23.051953,120.174191
11503,20211201,202110,全家,台南市,全家台南安中店,台南市安南區安中路一段６９９巷１號,23.042314,120.196404
11504,20211201,202110,全家,台南市,全家台南興德店,台南市安南區安中路四段２３８號１樓,23.050738,120.16768
11505,20211201,202110,全家,台南市,全家台南文安店,台南市安南區安和路一段７３＆７５號１樓,23.027366711469305,120.214757192711
11506,20211201,202110,全家,台南市,全家台南安順店,台南市安南區安和路二段１６６號,23.039983,120.215388
11507,20211201,202110,全家,台南市,全家台南安通店,台南市安南區安通路四段８９號,23.029208,120.209381
11508,20211201,202110,全家,台南市,全家台南安富店,台南市安南區安富街２５０號,23.026693,120.195923
11509,20211201,202110,全家,台南市,全家台南長安店,台南市安南區長和路二段１２巷２７５號,23.069714,120.222893
11510,20211201,202110,全家,台南市,全家台南長溪店,台南市安南區長溪路三段３７６號,23.067484,120.197019
11511,20211201,202110,全家,台南市,全家台南城西店,台南市安南區城西街一段４１號（配送用）,23.062121,120.129002
11512,20211201,202110,全家,台南市,全家台南新安田店,台南市安南區海佃路一段３４７號,23.02741,120.190757
11513,20211201,202110,全家,台南市,全家台南安南店,台南市安南區海佃路一段１６０號,23.024253,120.19187
11514,20211201,202110,全家,台南市,全家台南國安店,台南市安南區國安街５６巷７５號,23.024497,120.18971100000002
11515,20211201,202110,全家,台南市,全家台南頂安店,台南市安南區培安路１５１號,23.044251000000006,120.21151
11516,20211201,202110,全家,台南市,全家台南新順店,台南市安南區開安路５０號,23.047358,120.223415
11517,20211201,202110,全家,台南市,全家永康永仁店,台南市永康區大仁街３９號１樓,23.001486,120.25664
11518,20211201,202110,全家,台南市,全家永康大武店,台南市永康區大武街８號,23.019511,120.22233500000002
11519,20211201,202110,全家,台南市,全家永康大橋店,台南市永康區大橋二街６８號１樓,23.019405,120.228203
11520,20211201,202110,全家,台南市,全家永康大展店,台南市永康區大灣東路３８號,22.99845609,120.260938
11521,20211201,202110,全家,台南市,全家永康新大灣店,台南市永康區大灣路１９７號,23.007928,120.268366
11522,20211201,202110,全家,台南市,全家永康大華店,台南市永康區大灣路３１９號１樓,23.004507,120.266374
11523,20211201,202110,全家,台南市,全家永康五王店,台南市永康區五王里中山東路２２０號,23.011272,120.23691399999998
11524,20211201,202110,全家,台南市,全家永康世界店,台南市永康區中正路２４２號,23.031048,120.250948
11525,20211201,202110,全家,台南市,全家永康學府店,台南市永康區中正路５８１號,23.040234,120.23831
11526,20211201,202110,全家,台南市,全家永康兵仔市店,台南市永康區中華一路６１號,23.004203,120.236621
11527,20211201,202110,全家,台南市,全家永康勝華店,台南市永康區中華二路３９５號,23.008252,120.231143
11528,20211201,202110,全家,台南市,全家永康福樂店,台南市永康區六合里中華二路２７０號一樓,23.008591,120.232909
11529,20211201,202110,全家,台南市,全家永康新長億店,台南市永康區中華西街１５９號,23.016117,120.225644
11530,20211201,202110,全家,台南市,全家永康五福店,台南市永康區中華路５０８號,23.012332,120.231722
11531,20211201,202110,全家,台南市,全家永康文化店,台南市永康區文化路１１８號,23.016012,120.257934
11532,20211201,202110,全家,台南市,全家永康車行店,台南市永康區王行路５６３號（配送用）,23.050856,120.27597
11533,20211201,202110,全家,台南市,全家永康正南一店,台南市永康區正南一街１０３號,23.024761,120.228864
11534,20211201,202110,全家,台南市,全家永康好康店,台南市永康區正強街１６８號,23.027304,120.25203799999998
11535,20211201,202110,全家,台南市,全家永康永華店,台南市永康區永大路二段１２６６號,23.021286,120.261659
11536,20211201,202110,全家,台南市,全家永康永德店,台南市永康區永大路三段４１７號,23.036811,120.258943
11537,20211201,202110,全家,台南市,全家永康新永安店,台南市永康區永安路１１７號１、２樓,23.044441,120.245276
11538,20211201,202110,全家,台南市,全家永康永明店,台南市永康區永明街２６２號,23.024407,120.262786
11539,20211201,202110,全家,台南市,全家永康自強店,台南市永康區自強路７２８號１樓,23.035886,120.262285
11540,20211201,202110,全家,台南市,全家永康龍橋店,台南市永康區自強路８３０號,23.03766700000001,120.264582
11541,20211201,202110,全家,台南市,全家永康廣興店,台南市永康區西勢路２０５號,23.020626,120.276394
11542,20211201,202110,全家,台南市,全家永康忠孝店,台南市永康區忠孝路７８，８０號,23.003924,120.239968
11543,20211201,202110,全家,台南市,全家永康東強店,台南市永康區東橋一路２４６號一樓,23.019127,120.233544
11544,20211201,202110,全家,台南市,全家永康新南台店,台南市永康區南台街３６號１樓,23.022251,120.223492
11545,20211201,202110,全家,台南市,全家永康復華店,台南市永康區復國一路４７７號１樓,23.015095,120.24478899999998
11546,20211201,202110,全家,台南市,全家永康永慶店,台南市永康區復國一路３４４號．３４６號,23.010896,120.246634
11547,20211201,202110,全家,台南市,全家永康永勝店,台南市永康區復華七街１１９號１樓,23.015519,120.247317
11548,20211201,202110,全家,台南市,全家永康華興店,台南市永康區華興街１４８號１樓,23.000938,120.236507
11549,20211201,202110,全家,台南市,全家永康新民店,台南市永康區新民街７３號,23.040454,120.241654
11550,20211201,202110,全家,台南市,全家永康鹽洲店,台南市永康區鹽忠街１２７號,23.042177,120.232072
11551,20211201,202110,全家,台南市,全家歸仁七甲店,台南市歸仁區中正北路二段２５０號,22.983503,120.293295
11552,20211201,202110,全家,台南市,全家歸仁新文化店,台南市歸仁區南保里民權北路１４７號,22.970756,120.288086
11553,20211201,202110,全家,台南市,全家歸仁大順店,台南市歸仁區後市里大順街１７０號一樓,22.965249,120.287952
11554,20211201,202110,全家,台南市,全家歸仁文仁店,台南市歸仁區後市里民族北街８５號一樓,22.969483,120.292417
11555,20211201,202110,全家,台南市,全家歸仁長榮店,台南市歸仁區長大路１號第一宿舍一樓,22.90955,120.273481
11556,20211201,202110,全家,台南市,全家新化那拔店,台南市新化區那拔林２３號之１６,23.067529,120.348764
11557,20211201,202110,全家,台南市,全家新化新北店,台南市新化區中正路６９７號全部,23.042373,120.305087
11558,20211201,202110,全家,台南市,全家新化正孝店,台南市新化區忠孝路１５８號,23.037627,120.302787
11559,20211201,202110,全家,台南市,全家新化鑫義店,台南市新化區信義路３７１號,23.03451209,120.304205
11560,20211201,202110,全家,台南市,全家玉井民生店,台南市玉井區民族路８９號,23.123939,120.464707
11561,20211201,202110,全家,台南市,全家嘉藥科大店,台南市仁德區二仁路一段６０號,22.920124,120.225777
11562,20211201,202110,全家,台南市,全家嘉藥資訊店,台南市仁德區二仁路一段６０號Ｑ棟Ｂ１,22.920124,120.225777
11563,20211201,202110,全家,台南市,全家仁德太乙店,台南市仁德區土庫路５４號,22.988819,120.26102
11564,20211201,202110,全家,台南市,全家仁德仁義店,台南市仁德區中山路４２６號,22.971204,120.255896
11565,20211201,202110,全家,台南市,全家仁德二仁店,台南市仁德區中正西路２１號,22.918098,120.224659
11566,20211201,202110,全家,台南市,全家仁德仁紡店,台南市仁德區中正路二段８０５號,22.963219,120.253382
11567,20211201,202110,全家,台南市,全家仁德上東城店,台南市仁德區文心路７０號,22.97247,120.241157
11568,20211201,202110,全家,台南市,全家仁德中一店,台南市仁德區文華一街８９號（活動中心）,22.96097509,120.243336
11569,20211201,202110,全家,台南市,全家仁德中二店,台南市仁德區文華ㄧ街８９號（教學區）,22.96091,120.245058
11570,20211201,202110,全家,台南市,全家嘉藥錦篆店,台南市仁德區保安路一段５６巷５５號（宿舍Ｇ棟一樓）,22.92181107,120.22815096
11571,20211201,202110,全家,台南市,全家仁德二空店,台南市仁德區崇德路１０號,22.957817,120.227685
11572,20211201,202110,全家,台南市,全家仁德鼎安店,台南市仁德區德安路１之１號,22.952726,120.252872
11573,20211201,202110,全家,台南市,全家仁德德南店,台南市仁德區德南路２２巷１號１樓,22.948482,120.252117
11574,20211201,202110,全家,台南市,全家仁德德洋店,台南市仁德區後壁里德洋路２４８之１號一樓,22.956953,120.245575
11575,20211201,202110,全家,台南市,全家仁德新德店,台南市仁德區德善路２７９－３號,22.94719009,120.258293
11576,20211201,202110,全家,台南市,全家關廟南雄店,台南市關廟區中央路２４６號,22.961066,120.327829
11577,20211201,202110,全家,台南市,全家關廟旺萊店,台南市關廟區旺萊路１２７號,22.953611,120.334524
11578,20211201,202110,全家,台南市,全家關廟五甲店,台南市關廟區南雄路一段１１０７號,22.957712,120.327878
11579,20211201,202110,全家,台南市,全家官田雄壯店,台南市官田區官田里２７９號,23.180902,120.333406
11580,20211201,202110,全家,台南市,全家官田新田店,台南市官田區隆田里中山路一段３５號,23.192526,120.318343
11581,20211201,202110,全家,台南市,全家麻豆新樓店,台南市麻豆區小埤里苓子林２０號,23.179846,120.233058
11582,20211201,202110,全家,台南市,全家麻豆安業店,台南市麻豆區安業７７之２號,23.158794,120.247339
11583,20211201,202110,全家,台南市,全家麻豆興中店,台南市麻豆區興中路２２８號,23.183494,120.257571
11584,20211201,202110,全家,台南市,全家麻豆興民店,台南市麻豆區興中路５１號,23.18379,120.249657
11585,20211201,202110,全家,台南市,全家麻豆大同店,台南市麻豆區興民街６號,23.184749,120.245881
11586,20211201,202110,全家,台南市,全家麻豆黎明店,台南市麻豆區中興里興國路４６號１樓,23.179542,120.247791
11587,20211201,202110,全家,台南市,全家佳里佳興店,台南市佳里區佳里興４４１－１號,23.190081,120.188141
11588,20211201,202110,全家,台南市,全家佳里中山店,台南市佳里區中山路１５５號,23.158191,120.176965
11589,20211201,202110,全家,台南市,全家佳里光復店,台南市佳里區安西里光復路３２７號,23.163271,120.174682
11590,20211201,202110,全家,台南市,全家佳里延平店,台南市佳里區延平路４６８－２號,23.165241,120.178316
11591,20211201,202110,全家,台南市,全家西港慶安店,台南市西港區中山路２６３號,23.121054,120.20318600000002
11592,20211201,202110,全家,台南市,全家西港新興店,台南市西港區新興街１１號,23.119464,120.20152
11593,20211201,202110,全家,台南市,全家西港南海店,台南市西港區慶安路２０６號,23.120615,120.197546
11594,20211201,202110,全家,台南市,全家西港港美店,台南市西港區慶安路２２９號（學生餐廳）,23.119134,120.195766
11595,20211201,202110,全家,台南市,全家將軍青鯤鯓店,台南市將軍區鯤鯓里２１２號,23.190735,120.089846
11596,20211201,202110,全家,台南市,全家學甲狀元店,台南市學甲區中山路１８３之６號１樓,23.235209,120.176225
11597,20211201,202110,全家,台南市,全家學甲安得富店,台南市學甲區華宗路３２８號,23.231299,120.182664
11598,20211201,202110,全家,台南市,全家新營三族店,台南市新營區三民路５２號１樓,23.30752109,120.31863
11599,20211201,202110,全家,台南市,全家新營車站店,台南市新營區中山路１號,23.306835,120.323185
11600,20211201,202110,全家,台南市,全家新營新興店,台南市新營區中正路３９之９號１樓,23.31422809,120.316441
11601,20211201,202110,全家,台南市,全家新營中興店,台南市新營區永生里中興路３２號一樓,23.302326,120.31681
11602,20211201,202110,全家,台南市,全家新營南新店,台南市新營區民治路１７７號１樓,23.307158,120.304155
11603,20211201,202110,全家,台南市,全家新營民興店,台南市新營區民治路１２２號,23.310095,120.309814
11604,20211201,202110,全家,台南市,全家新營和平店,台南市新營區和平路４６號,23.300295,120.30992
11605,20211201,202110,全家,台南市,全家新營東興店,台南市新營區新東里東興路１８８號１樓,23.315453,120.323191
11606,20211201,202110,全家,台南市,全家新營華新店,台南市新營區金華路二段９０號,23.310525,120.302847
11607,20211201,202110,全家,台南市,全家新營南紙店,台南市新營區南紙里建業路３１７號一樓,23.298535,120.294414
11608,20211201,202110,全家,台南市,全家新營帝寶店,台南市新營區復興路８６７號１樓,23.308726,120.285556
11609,20211201,202110,全家,台南市,全家新營裕民店,台南市新營區裕民路１號,23.302774,120.307326
11610,20211201,202110,全家,台南市,全家後壁茄苳店,台南市後壁區嘉明里上茄苳１４６之３３號３２號,23.388732,120.375775
11611,20211201,202110,全家,台南市,全家新營國道南店,台南市後壁區竹新里新厝６９號,23.340737,120.312042
11612,20211201,202110,全家,台南市,全家新營國道北店,台南市後壁區竹新里新厝７２號,23.340068,120.313091
11613,20211201,202110,全家,台南市,全家白河昶興店,台南市白河區中山路１３號,23.348513,120.41461
11614,20211201,202110,全家,台南市,全家六甲民生附店,台南市六甲區工研路８號,23.229693,120.370118
11615,20211201,202110,全家,台南市,全家六甲新民店,台南市六甲區中正路３９４號１樓,23.227245,120.350722
11616,20211201,202110,全家,台南市,全家下營中山店,台南市下營區中山路二段３２號,23.234249,120.260924
11617,20211201,202110,全家,台南市,全家柳營重溪店,台南市柳營區重溪里小腳腿１２號１樓,23.287785,120.36628799999998
11618,20211201,202110,全家,台南市,全家柳營敏惠店,台南市柳營區中山東路二段１１１６號,23.279847,120.329726
11619,20211201,202110,全家,台南市,全家柳營農會店,台南市柳營區柳營路二段７７號,23.279098,120.311576
11620,20211201,202110,全家,台南市,全家鹽水武廟店,台南市鹽水區金和路２號１樓,23.324282,120.262886
11621,20211201,202110,全家,台南市,全家鹽水朝琴店,台南市鹽水區水秀里朝琴路１４０之２號一樓,23.323261,120.272054
11622,20211201,202110,全家,台南市,全家鹽水清泉店,台南市鹽水區朝琴路６５號,23.321428,120.269163
11623,20211201,202110,全家,台南市,全家善化胡厝店,台南市善化區胡家里胡厝２９之６號,23.144442,120.272625
11624,20211201,202110,全家,台南市,全家善化光文店,台南市善化區光文里中山路９９號一樓,23.132818,120.302899
11625,20211201,202110,全家,台南市,全家善化和平店,台南市善化區中山路２３１之６號１樓,23.132209,120.29808
11626,20211201,202110,全家,台南市,全家善化正國店,台南市善化區文昌里中正路１６０號一樓,23.123399,120.294272
11627,20211201,202110,全家,台南市,全家善化大同店,台南市善化區中興路１４９號,23.131555,120.290339
11628,20211201,202110,全家,台南市,全家善化啤酒店,台南市善化區成功路１－１號,23.126482,120.320254
11629,20211201,202110,全家,台南市,全家善化興華店,台南市善化區建國路３８號,23.127155,120.297582
11630,20211201,202110,全家,台南市,全家善化住華店,台南市善化區環東路二段３２號２樓,23.122266,120.27405
11631,20211201,202110,全家,台南市,全家山上明和店,台南市山上區明和里明和１９６－１號,23.105068,120.350507
11632,20211201,202110,全家,台南市,全家新市大社店,台南市新市區大社里３３５號,23.09026239953548,120.31727443654188
11633,20211201,202110,全家,台南市,全家新市清水店,台南市新市區社內里社內１０２－５號,23.076227,120.280129
11634,20211201,202110,全家,台南市,全家新市華興店,台南市新市區中正路２５２號１樓,23.076888,120.291963
11635,20211201,202110,全家,台南市,全家新市遠科大店,台南市新市區中華路４９號,23.06479,120.294865
11636,20211201,202110,全家,台南市,全家新市民林店,台南市新市區民生路６２號,23.079405,120.289574
11637,20211201,202110,全家,台南市,全家新市新和店,台南市新市區民權路５２號,23.077721,120.289509
11638,20211201,202110,全家,台南市,全家新市光華店,台南市新市區光華街１３５號,23.076821,120.29567
11639,20211201,202110,全家,台南市,全家新市群創一店,台南市新市區奇業路１號,23.087123,120.280912
11640,20211201,202110,全家,台南市,全家新市聯科店,台南市新市區南科二路１８號５Ｆ,23.095055,120.277528
11641,20211201,202110,全家,台南市,全家新市和平店,台南市新市區富林路２９號１樓,23.08222509,120.294256
11642,20211201,202110,全家,台南市,全家新市群創六店,台南市新市區紫楝路２１號,23.099593,120.261468
11643,20211201,202110,全家,台南市,全家新市陽光店,台南市新市區陽光大道２６號,23.109508,120.30848799999998
11644,20211201,202110,全家,台南市,全家新市群科店,台南市新市區環西路一段３號Ｂ１ＦＡ店（原宿區）,23.091814000000007,120.276092
11645,20211201,202110,全家,台南市,全家新市群創四店,台南市新市區環西路一段３號,23.091814000000007,120.276092
11646,20211201,202110,全家,台南市,全家新市群創七店,台南市新市區環西路一段３號,23.091814000000007,120.276092
11647,20211201,202110,全家,台南市,全家新市群創二店,台南市新市區環西路二段２號,23.102531,120.275935
11648,20211201,202110,全家,台南市,全家安定善高店,台南市安定區蘇厝里２９３－６８號,23.12489721555556,120.25116970609336
11649,20211201,202110,全家,台南市,全家安定保安店,台南市安定區保西里３３９之３號一樓,23.11841560364911,120.23585414884928
11650,20211201,202110,全家,台南市,全家安定海寮店,台南市安定區海寮１０－２號１樓部分,23.095978,120.209971
11651,20211201,202110,全家,台南市,全家安定港口店,台南市安定區港南里港口路２４４之２８號１樓,23.091827,120.23583899999998
13381,20211201,202110,屈臣氏,台南市,成功,台南市東區長榮路二段171號,22.991909,120.221395
13382,20211201,202110,屈臣氏,台南市,公園,台南市中西區公園路32號,22.994505,120.20563
13383,20211201,202110,屈臣氏,台南市,新營,台南市新營區延平路2號,23.302239,120.313562
13384,20211201,202110,屈臣氏,台南市,佳里,台南市佳里區義民街219號,23.161319,120.175593
13385,20211201,202110,屈臣氏,台南市,永康,台南市永康區中正路988號,23.04073,120.23807
13386,20211201,202110,屈臣氏,台南市,友愛,台南市中西區國華街二段159號,22.991974,120.197088
13387,20211201,202110,屈臣氏,台南市,麻豆,台南市麻豆區興中路96號,23.183584,120.250946
13388,20211201,202110,屈臣氏,台南市,永康2,台南市永康區中華路201號,23.004759,120.235082
13389,20211201,202110,屈臣氏,台南市,新市,台南市新市區仁愛街318號,23.076996,120.29378
13390,20211201,202110,屈臣氏,台南市,新化,台南市新化區信義路213-1號,23.03493,120.308712
13391,20211201,202110,屈臣氏,台南市,大灣,台南市永康區大灣路273號,23.006359,120.267389
13392,20211201,202110,屈臣氏,台南市,學甲,台南市學甲區濟生路142號,23.23295,120.180771
13393,20211201,202110,屈臣氏,台南市,海佃,台南市安南區海佃路一段162號,23.024319,120.191772
13394,20211201,202110,屈臣氏,台南市,六甲,台南市六甲區中山路2號,23.230753,120.351386
13395,20211201,202110,屈臣氏,台南市,仁德,台南市仁德區中正路三段12號,22.974052,120.252814
13396,20211201,202110,屈臣氏,台南市,歸仁,台南市歸仁區中山路一段579號,22.966538,120.296084
13397,20211201,202110,屈臣氏,台南市,崇市,台南市東區崇德路367號,22.976743,120.223943
13398,20211201,202110,屈臣氏,台南市,鹽水,台南市鹽水區朝琴路41號,23.321175,120.268599
13399,20211201,202110,屈臣氏,台南市,本淵,台南市安南區安中路三段416號,23.049947,120.174094
13400,20211201,202110,屈臣氏,台南市,金華,台南市南區金華路二段87號,22.979534,120.191143
13401,20211201,202110,屈臣氏,台南市,光明,台南市東區光明街14號,22.999363,120.228167
13402,20211201,202110,屈臣氏,台南市,崑山,台南市永康區大灣路915號,22.999205,120.254295
13403,20211201,202110,屈臣氏,台南市,白河,台南市白河區中山路32-2號,23.348307,120.414681
13404,20211201,202110,屈臣氏,台南市,復華,台南市永康區復國一路317號,23.010328,120.246446
13405,20211201,202110,屈臣氏,台南市,崇義,台南市東區崇德路646號,22.96995,120.227331
13406,20211201,202110,屈臣氏,台南市,崇義,台南市東區崇德路646號,22.96995,120.227331
13407,20211201,202110,屈臣氏,台南市,善化,台南市善化區中正路440號,23.130647,120.294001
13408,20211201,202110,屈臣氏,台南市,南青,台南市中西區青年路148號,22.99174,120.209556
13409,20211201,202110,屈臣氏,台南市,新北門,台南市東區北門路一段294號,22.995785,120.212133
13410,20211201,202110,屈臣氏,台南市,勝利,台南市東區勝利路157號,22.995544,120.217986
13411,20211201,202110,屈臣氏,台南市,和順,台南市安南區安和路四段502號,23.061016,120.218844
13412,20211201,202110,屈臣氏,台南市,永華,台南市安平區永華路二段815號,22.991147,120.168827
13413,20211201,202110,屈臣氏,台南市,大同,台南市東區大同路二段57號,22.979728,120.212952
13414,20211201,202110,屈臣氏,台南市,華平,台南市安平區慶平路289號,22.996782,120.177229
13415,20211201,202110,屈臣氏,台南市,南西門,台南市南區西門路一段665號,22.98648,120.197459
13416,20211201,202110,屈臣氏,台南市,南民,台南市中西區民族路三段287號,22.999999,120.192389
13417,20211201,202110,屈臣氏,台南市,關廟,台南市關廟區中山路一段640號,22.959879,120.327867
13418,20211201,202110,屈臣氏,台南市,赤崁,台南市中西區成功路211號,22.998429,120.204675
13419,20211201,202110,屈臣氏,台南市,嘉南,台南市仁德區二仁路一段165號,22.925142,120.222746
13420,20211201,202110,屈臣氏,台南市,中山南,台南市永康區中山南路237號,23.01574500000001,120.236151
13421,20211201,202110,屈臣氏,台南市,中山北,台南市永康區中山北路31號,23.026939,120.259415
13422,20211201,202110,屈臣氏,台南市,開元,台南市北區開元路517號,23.011119,120.225451
13423,20211201,202110,屈臣氏,台南市,安中,台南市安南區安中路一段799號,23.044161,120.193242
13424,20211201,202110,屈臣氏,台南市,下營,台南市下營區中山路一段66號,23.235072,120.262462
13425,20211201,202110,屈臣氏,台南市,裕農,台南市東區裕農路77號,22.985928,120.224769
13426,20211201,202110,屈臣氏,台南市,康華,台南市永康區中華路409號,23.009724,120.230806
14601,20211201,202110,萊爾富,台南市,台南湖美店,台南市中西區民權路四段138號,22.999288,120.1827006
14602,20211201,202110,萊爾富,台南市,台南南新店,台南市中西區西門路一段580號,22.9862967,120.1976876
14603,20211201,202110,萊爾富,台南市,台南采風店,台南市中西區青年路１９４號,22.9915403,120.21036200000002
14604,20211201,202110,萊爾富,台南市,台南東環店,台南市東區大同路一段59號,22.9874733,120.2114172
14605,20211201,202110,萊爾富,台南市,台南南森店,台南市東區林森路二段１９２巷２９號,22.989705,120.225199
14606,20211201,202110,萊爾富,台南市,台南長中店,台南市東區林森路二段79號,22.9881969,120.2229308
14607,20211201,202110,萊爾富,台南市,台南南德店,台南市東區崇德路９８６號一樓,22.9595519,120.2274122
14608,20211201,202110,萊爾富,台南市,台南尚美店,台南市東區勝利路41號,22.9885884,120.2173332
14609,20211201,202110,萊爾富,台南市,台南德光店,台南市東區德光街106號,22.9798586,120.2214007
14610,20211201,202110,萊爾富,台南市,台南翔新店,台南市南區中華南路二段298.296.294號1樓,22.961715,120.1878116
14611,20211201,202110,萊爾富,台南市,台南華文店,台南市南區永華路一段269號,22.9883949,120.190119
14612,20211201,202110,萊爾富,台南市,台南南慶店,台南市南區西門路一段277號,22.9766887,120.1974112
14613,20211201,202110,萊爾富,台南市,台南新建店,台南市南區新建路37巷2號1樓,22.9687201,120.1857623
14614,20211201,202110,萊爾富,台南市,台南南都店,"台南市南區德興路1號,3號及新都路467號",22.9670794,120.1924068
14615,20211201,202110,萊爾富,台南市,台南南園店,台南市北區南園街103號,23.007877,120.225911
14616,20211201,202110,萊爾富,台南市,南市海安店,台南市北區臨安路2段215號,23.0040051,120.1997447
14617,20211201,202110,萊爾富,台南市,台南府城店,台南市安平區永華路二段6號,22.9900044,120.1847657
14618,20211201,202110,萊爾富,台南市,台南古堡店,台南市安平區安北路405.407號,22.999908,120.1533844
14619,20211201,202110,萊爾富,台南市,台南康平店,台南市安平區健康三街188之1號,22.9891473,120.1687736
14620,20211201,202110,萊爾富,台南市,安南長和店,台南市安南區長和路一段406號,23.062621,120.2286158
14621,20211201,202110,萊爾富,台南市,台南安工店,台南市安南區科技公園大道15號,23.0434557,120.146524
14622,20211201,202110,萊爾富,台南市,安南敦安店,台南市安南區敦安街97號1+2樓範圍全部,23.027386,120.211144
14623,20211201,202110,萊爾富,台南市,安南惠安店,台南市安南區溪頂里23鄰惠安街102&104號,23.0267839,120.2107563
14624,20211201,202110,萊爾富,台南市,永康上永店,台南市永康區中正北路314號,23.0415846,120.2476551
14625,20211201,202110,萊爾富,台南市,永康洲尾店,台南市永康區中正南路649號,23.0375331,120.2325548
14626,20211201,202110,萊爾富,台南市,永康飛翔店,台南市永康區中正南路855號,23.041302,120.236795
14627,20211201,202110,萊爾富,台南市,永康南俊店,台南市永康區中正路890號一樓,23.0393155,120.2394506
14628,20211201,202110,萊爾富,台南市,永康巧遇店,台南市永康區永勝街1號,23.015119,120.25486200000002
14629,20211201,202110,萊爾富,台南市,永康真愛店,台南市永康區東橋七路185號,23.021248,120.2369211
14630,20211201,202110,萊爾富,台南市,永康東橋店,台南市永康區東橋十街47號壹樓全部,23.0233102,120.2343471
14631,20211201,202110,萊爾富,台南市,永康榮醫店,台南市永康區復興里5鄰復興路405號,22.99837,120.2400734
14632,20211201,202110,萊爾富,台南市,歸仁航特二店,台南市歸仁區中正北路二段75巷71號(陸軍航空特戰指揮部),22.9797963,120.2925823
14633,20211201,202110,萊爾富,台南市,歸仁武東店,台南市歸仁區中正南路三段242號,22.9123872,120.27025220000002
14634,20211201,202110,萊爾富,台南市,歸仁航特店,台南市歸仁區南丁路188號,22.9782327,120.2797668
14635,20211201,202110,萊爾富,台南市,新化知義店,台南市新化區知義里新和庄55-1號,23.018659,120.333039
14636,20211201,202110,萊爾富,台南市,新化崙頂店,台南市新化區崙頂里崙子頂６４之３、６４之５號,23.021152,120.285614
14637,20211201,202110,萊爾富,台南市,玉井芒果店,台南市玉井區中山路82之1號,23.1200892,120.462262
14638,20211201,202110,萊爾富,台南市,楠西茄菝店,台南市楠西區東勢里中正路179、179-1、179-2號,23.1755634,120.4860564
14639,20211201,202110,萊爾富,台南市,南化龍眼店,台南市南化區北寮里1鄰北寮11號,23.080087,120.490288
14640,20211201,202110,萊爾富,台南市,仁德嘉藥店,台南市仁德區二仁路一段157、159號,22.9205845,120.224936
14641,20211201,202110,萊爾富,台南市,仁德二仁店,台南市仁德區二仁路一段99號(含停車空間),22.9187441,120.2254258
14642,20211201,202110,萊爾富,台南市,南縣南工店,台南市仁德區中正路一段３４０號,22.9244322,120.23989640000002
14643,20211201,202110,萊爾富,台南市,關廟鳳梨店,台南市關廟區香洋里中央路230號1樓,22.9608704,120.3286815
14644,20211201,202110,萊爾富,台南市,龍崎關北店,台南市龍崎區楠坑里楠坑12-1號(關廟服務區-北上),22.9297437,120.3515108
14645,20211201,202110,萊爾富,台南市,龍崎關南店,台南市龍崎區楠坑里楠坑12-1號(關廟服務區-南下),22.9297437,120.3515108
14646,20211201,202110,萊爾富,台南市,官田建業店,台南市官田區二鎮里工業路21號,23.20954200000001,120.323189
14647,20211201,202110,萊爾富,台南市,麻豆麻口店,台南市麻豆區麻口里１鄰麻豆口１之３９號,23.1779437,120.2253506
14648,20211201,202110,萊爾富,台南市,南縣麻庄店,台南市麻豆區寮部里寮子部166之17號,23.1896212,120.2783616
14649,20211201,202110,萊爾富,台南市,佳里奇佳店,台南市佳里區六安里六安117之46號,23.1741915,120.1742816
14650,20211201,202110,萊爾富,台南市,南縣大潭店,台南市七股區大潭村台潭25號,23.1876047,120.1328095
14651,20211201,202110,萊爾富,台南市,將軍馬沙溝店,台南市將軍區平沙里1鄰平沙1之19號,23.2087876,120.0982956
14652,20211201,202110,萊爾富,台南市,南縣南歐店,台南市將軍區西華村5鄰西華67-23號,23.1992172,120.1563546
14653,20211201,202110,萊爾富,台南市,北門鹽福店,台南市北門區永隆里北門1號,23.2681342,120.1242521
14654,20211201,202110,萊爾富,台南市,新營郵政店,台南市新營區中山路126號,23.305135,120.31791
14655,20211201,202110,萊爾富,台南市,新營南光店,台南市新營區中興路62號,23.2981705,120.3151149
14656,20211201,202110,萊爾富,台南市,新營交流道店,台南市新營區復興路622號,23.3060469,120.2963249
14657,20211201,202110,萊爾富,台南市,後壁頭前店,台南市後壁區後壁195之17號,23.367781,120.363133
14658,20211201,202110,萊爾富,台南市,白河聯訓店,台南市白河區內角里２號,23.3963566,120.4448605
14659,20211201,202110,萊爾富,台南市,白河美人店,台南市白河區關嶺里關子嶺38之1號全部,23.334893,120.500069
14660,20211201,202110,萊爾富,台南市,東山百榕店,台南市東山區枋子林74-6號,23.2866172,120.3983135
14661,20211201,202110,萊爾富,台南市,南縣南定店,台南市安定區六嘉村32之1號,23.0810695,120.2208153
14907,20211201,202110,頂好,台南市,頂好_麻豆博愛店,721 台南市麻豆區麻豆區博愛路3-1號,23.133217,120.289961
14908,20211201,202110,頂好,台南市,頂好_永康中華店,710 台南市永康區中華路181號,23.004134,120.235173
15162,20211201,202110,亞太電信,台南市,台南西門店,台南市中西區西門路二段369號,22.9981855,120.2001109
15163,20211201,202110,亞太電信,台南市,台南府前加盟服務中心,台南市中西區府前路二段185號1樓,22.9913531,120.192619
15164,20211201,202110,亞太電信,台南市,台南崇德加盟服務中心,台南市東區台南市東區崇德路635號,22.971031,120.22775
15165,20211201,202110,亞太電信,台南市,台南長榮店,台南市東區長榮路一段194號1-2樓,22.9849358,120.218337
15166,20211201,202110,亞太電信,台南市,東寧後甲加盟服務中心,台南市東區東寧路440號1樓,22.98945,120.229167
15167,20211201,202110,亞太電信,台南市,台南東寧加盟服務中心,台南市東區東寧路69號1樓,22.99203510000001,120.222191
15168,20211201,202110,亞太電信,台南市,台南崇學店,台南市東區崇學路153號,22.9799328,120.2231037
15169,20211201,202110,亞太電信,台南市,台南大同店,台南市東區大同路二段163、165號,22.9770185,120.2139342
15170,20211201,202110,亞太電信,台南市,金華健康加盟服務中心,台南市南區金華路二段165號,22.981142,120.191191
15171,20211201,202110,亞太電信,台南市,台南金華店,台南市南區金華路一段550號,22.9746603,120.1910667
15172,20211201,202110,亞太電信,台南市,台南金華一加盟服務中心,台南市南區金華路一段204號,22.9663829,120.19013259999998
15173,20211201,202110,亞太電信,台南市,台南文賢店,台南市北區文賢路1012號,23.0135745,120.1938979
15174,20211201,202110,亞太電信,台南市,台南公園店,台南市北區公園路898號,23.0143608,120.2129626
15175,20211201,202110,亞太電信,台南市,安平華平店,台南市安平區華平路638號,22.9956154,120.1758313
15176,20211201,202110,亞太電信,台南市,台南海佃加盟服務中心,台南市安南區海佃路一段274號1樓,23.026159600000003,120.1913536
15177,20211201,202110,亞太電信,台南市,台南安中加盟服務中心,台南市安南區安中路三段388號1樓,23.049356,120.175136
15178,20211201,202110,亞太電信,台南市,安南安中店,台南市安南區安中路一段735號,23.0432817,120.19480120000004
15179,20211201,202110,亞太電信,台南市,安南安和店,台南市安南區安和路一段320號,23.0325891,120.212557
15180,20211201,202110,亞太電信,台南市,永康中山南加盟服務中心,台南市永康區中山南路1024號1樓,23.025123,120.2552154
15181,20211201,202110,亞太電信,台南市,永康中山店,台南市永康區中山南路290號,23.0147991,120.23508579999998
15182,20211201,202110,亞太電信,台南市,台南鹽行店,台南市永康區中正南路756號1樓,23.0405267,120.2364848
15183,20211201,202110,亞太電信,台南市,永康中華二加盟服務中心,台南市永康區中華路264號1樓,23.005893,120.23551299999998
15184,20211201,202110,亞太電信,台南市,台南崑山店,台南市永康區大灣路957號,22.9987245,120.2526365
15185,20211201,202110,亞太電信,台南市,永康大橋加盟服務中心,台南市永康區中華路692號一樓,23.015953,120.2294045
15186,20211201,202110,亞太電信,台南市,台南歸仁加盟服務中心,台南市歸仁區中山路三段1號,22.967406,120.287774
15187,20211201,202110,亞太電信,台南市,歸仁圓環加盟服務中心,台南市歸仁區中山路一段583號,22.9664521,120.2957558
15188,20211201,202110,亞太電信,台南市,台南新化店,台南市新化區中山路529號,24.778289,120.988108
15189,20211201,202110,亞太電信,台南市,台南仁德店,台南市仁德區中山路373-375號,22.9708824,120.25762929999996
15190,20211201,202110,亞太電信,台南市,麻豆中山加盟服務中心,台南市麻豆區中山路130號1樓,23.1841056,120.2434469
15191,20211201,202110,亞太電信,台南市,佳里延平加盟服務中心,台南市佳里區延平路272號1樓,23.160151899999995,120.17857
15192,20211201,202110,亞太電信,台南市,新營中正加盟服務中心,台南市新營區王公里中正路34號,23.3125687,120.316702
15193,20211201,202110,亞太電信,台南市,新營三民加盟服務中心,台南市新營區三民路128-2號,23.3070874,120.3131441
15194,20211201,202110,亞太電信,台南市,新營民治店,台南市新營區民治路257號,23.3058845,120.30341440000008
15195,20211201,202110,亞太電信,台南市,鹽水中正加盟服務中心,台南市鹽水區中正路64號,23.3227,120.271058
15196,20211201,202110,亞太電信,台南市,善化中山加盟服務中心,台南市善化區中山路210號,23.132604,120.299479
15197,20211201,202110,亞太電信,台南市,新市仁愛加盟服務中心,台南市新市區仁愛街268號,23.07640074663289,120.2956935283396
15288,20211201,202110,家樂福,台南市,新仁店,717 台南市仁德區大同路三段755號,120.22007,22.9474125
15311,20211201,202110,家樂福,台南市,台南中華西店,700 台南市中西區中華西路二段502號,120.186966,23.0017643
15322,20211201,202110,家樂福,台南市,台南裕農店,701 台南市東區裕農路766號,120.238136,22.9890327
15330,20211201,202110,家樂福,台南市,台南北安店,704 台南市北區北安路一段167號,120.208595,23.0176144
15334,20211201,202110,家樂福,台南市,台南開元店,704 台南市北區開元路501號,120.220833,23.00767
15354,20211201,202110,家樂福,台南市,安平店,700 台南市中西區中華西路2段16號,120.1871,22.9882584
15355,20211201,202110,家樂福,台南市,仁德店,717 台南市仁德區中山路711號,120.247131,22.9726028
15356,20211201,202110,家樂福,台南市,中華店,710 台南市永康區中華二路350號B1-1-8,120.231285,23.008707
15357,20211201,202110,家樂福,台南市,中正店,710 台南市永康區中正南路358號,120.228477,23.0328
15358,20211201,202110,家樂福,台南市,新營店,730 台南市新營區健康路251號,120.311958,23.3191147
15373,20211201,202110,家樂福,台南市,莊敬店,701 台南市東區莊敬路118號1樓,120.232895,22.9956245
15403,20211201,202110,家樂福,台南市,永康二王店,710 台南市永康區中山南路696號,120.244316,23.0202084
15467,20211201,202110,家樂福,台南市,頂好_麻豆博愛店,721 台南市麻豆區麻豆區博愛路3-1號,120.289961,23.133217
15596,20211201,202110,家樂福,台南市,頂好_永康中華店,710 台南市永康區中華路181號,120.235173,23.004134
15910,20211201,202110,康是美,台南市,新天地門市,西門路一段658號B2,22.9868277,120.1977034
15911,20211201,202110,康是美,台南市,鐵站門市,北門路一段314號1、2樓,22.9964796,120.2121906
15912,20211201,202110,康是美,台南市,百成門市,前鋒路210號B2F,22.99628550000001,120.2143075
15913,20211201,202110,康是美,台南市,成大門市,勝利路118號,22.995913100000006,120.218392
15914,20211201,202110,康是美,台南市,富農門市,裕農路766號,22.9888341,120.238633
15915,20211201,202110,康是美,台南市,南紡門市,中華東路一段366號B1,22.9907349,120.233097
15916,20211201,202110,康是美,台南市,崇學門市,崇學路54號,22.978319,120.2220342
15917,20211201,202110,康是美,台南市,崇義門市,崇德路616號,22.970730300000003,120.2272691
15918,20211201,202110,康是美,台南市,金典門市,金華路二段59號,22.9783843,120.1910731
15919,20211201,202110,康是美,台南市,新德門市,大同路二段114號,22.9798038,120.2125603
15920,20211201,202110,康是美,台南市,開元門市,開元路302號1樓,23.0089773,120.2232463
15921,20211201,202110,康是美,台南市,安平門市,永華路二段760號1+2樓,22.9912546,120.1713051
15922,20211201,202110,康是美,台南市,海佃門市,海佃路一段126號,23.0230551,120.1920133
15923,20211201,202110,康是美,台南市,奇美門市,大武街34號1-2樓,23.0200537,120.2227733
15924,20211201,202110,康是美,台南市,中華門市,中華路96號,23.0025844,120.2354184
15925,20211201,202110,康是美,台南市,統強門市,正強街207號,23.028942800000006,120.251576
15926,20211201,202110,康是美,台南市,新家專門市,中正路561號1.2樓,23.039918300000004,120.2385334
15927,20211201,202110,康是美,台南市,康南門市,中華路249號,23.0061227,120.2349781
15928,20211201,202110,康是美,台南市,康國門市,復國一路417號1樓,23.0136901,120.245851
15929,20211201,202110,康是美,台南市,歸仁門市,民權北路35號,22.9681827,120.2877885
15930,20211201,202110,康是美,台南市,新化門市,中山路241號,23.035901100000004,120.308394
15931,20211201,202110,康是美,台南市,嘉藥門市,二仁路一段161、163號,22.9205641,120.22483390000002
15932,20211201,202110,康是美,台南市,新佳里門市,延平路233路,23.159792000000003,120.178389
15933,20211201,202110,康是美,台南市,新營門市,民權路6、8號,23.3030457,120.3134365
15934,20211201,202110,康是美,台南市,善化門市,中正路474.474-1.474-2號一樓,23.1315247,120.2939903
15935,20211201,202110,康是美,台南市,新市門市,中正路222號1.2樓,23.0756765,120.2916749
16068,20211201,202110,遠傳電信,台南市,台南西門直營店,台南市中西區西門路一段719號,22.9889698,120.1973725
16069,20211201,202110,遠傳電信,台南市,台南金華二直營店,台南市南區金華路二段223號,22.9827674,120.19138909999998
16070,20211201,202110,遠傳電信,台南市,新營民權直營店,台南市新營區民權路30-4號,23.3038866,120.3131945
16071,20211201,202110,遠傳電信,台南市,台南安和直營店,台南市安南區安和路一段308號,23.03243,120.212608
16072,20211201,202110,遠傳電信,台南市,台南金華直營店,台南市南區金華路二段134號,22.97889,120.191583
16073,20211201,202110,遠傳電信,台南市,台南安中二直營店,台南市安南區安中路一段810號,23.0435626,120.1948181
16074,20211201,202110,遠傳電信,台南市,台南海佃直營店,台南市安南區海佃路一段128號,23.0231593,120.1919676
16075,20211201,202110,遠傳電信,台南市,台南新化二直營店,台南市新化區中山路533號,23.0359435,120.3020491
16076,20211201,202110,遠傳電信,台南市,台南民生直營店,台南市中西區民生路一段176-178號,22.994407100000004,120.19973600000002
16077,20211201,202110,遠傳電信,台南市,台南中山南直營店,台南市永康區中山南路28號,23.0120905,120.227466
16078,20211201,202110,遠傳電信,台南市,台南仁德直營店,台南市仁德區中山路451號,22.970956,120.2561049
16079,20211201,202110,遠傳電信,台南市,台南小北直營店,台南市北區西門路四段34號,23.0066981,120.206447
16080,20211201,202110,遠傳電信,台南市,永康中山直營店,台南市永康區中山南路463號,23.02174500000001,120.248139
16081,20211201,202110,遠傳電信,台南市,台南大同直營店,台南市東區大同路二段95號,22.978778,120.213555
16082,20211201,202110,遠傳電信,台南市,台南公園直營店,台南市北區公園路898-3號,23.0144577,120.2130725
16083,20211201,202110,遠傳電信,台南市,永康中華直營店,台南市永康區中華路152號,23.00341,120.23551
16084,20211201,202110,遠傳電信,台南市,台南崇學直營店,台南市東區崇學路169號,22.98021210000001,120.2234095
16085,20211201,202110,遠傳電信,台南市,台南崑山直營店,台南市永康區大灣路955號,22.998783300000003,120.2527887
16086,20211201,202110,遠傳電信,台南市,台南崇德直營店,台南市東區崇德路557號,22.973232,120.227592
16087,20211201,202110,遠傳電信,台南市,台南佳里直營店,台南市佳里區延平路46-48號,23.1545901,120.17955990000002
16088,20211201,202110,遠傳電信,台南市,台南中華直營店,台南市東區中華東路三段20號,22.9807426,120.2287538
16089,20211201,202110,遠傳電信,台南市,台南東寧直營店,台南市東區東寧路226號,22.9906081,120.2249702
16090,20211201,202110,遠傳電信,台南市,台南民族直營店,台南市中西區中山路100號,22.9946312,120.2085758
16091,20211201,202110,遠傳電信,台南市,台南安和二直營店,台南市安南區安和路五段128號,23.0655759,120.2183745
16092,20211201,202110,遠傳電信,台南市,台南文賢直營店,台南市北區文賢路512號,23.006904100000003,120.1937826
16093,20211201,202110,遠傳電信,台南市,新營中山直營店,台南市新營區中山路183號,23.3031651,120.3155936
16094,20211201,202110,遠傳電信,台南市,台南六甲加盟門市加盟店,台南市六甲區中華路39號,23.22519710000001,120.3513514
16095,20211201,202110,遠傳電信,台南市,永康大橋加盟門市加盟店,台南市永康區中華路659-4號,23.0155775,120.2292472
16096,20211201,202110,遠傳電信,台南市,台南海佃加盟門市加盟店,台南市安南區海佃路一段286號,23.0265941,120.1912732
16097,20211201,202110,遠傳電信,台南市,台南歸仁二加盟門市加盟店,台南市歸仁區中山路一段589號,22.9664642,120.2956239
16098,20211201,202110,遠傳電信,台南市,麻豆中山加盟門市加盟店,台南市麻豆區中山路114號,23.1838388,120.2445313
16099,20211201,202110,遠傳電信,台南市,白河康樂加盟門市加盟店,台南市白河區中山路32-2號,23.3482914,120.4147135
16100,20211201,202110,遠傳電信,台南市,台南鹽行加盟門市加盟店,台南市永康區中正北路86號,23.0413496,120.2410638
16101,20211201,202110,遠傳電信,台南市,永康大灣加盟門市加盟店,台南市永康區大灣路788號,23.000556,120.258914
16102,20211201,202110,遠傳電信,台南市,新市中正加盟門市加盟店,台南市新市區中正路321-3號,23.0796818,120.2941561
16103,20211201,202110,遠傳電信,台南市,台南善化二加盟門市加盟店,台南市善化區中山路216-2號,23.1325211,120.2987562
16104,20211201,202110,遠傳電信,台南市,仁德中正加盟門市加盟店,台南市仁德區中正路二段465號,22.9549759,120.2525376
16105,20211201,202110,遠傳電信,台南市,台南新化加盟門市加盟店,台南市新化區中山路233號,23.0359313,120.3086907
16106,20211201,202110,遠傳電信,台南市,關廟中山加盟門市加盟店,台南市關廟區中山路二段142號,22.96036,120.3259685
16107,20211201,202110,遠傳電信,台南市,善化站前加盟門市加盟店,台南市善化區中山路127號,23.1328428,120.3022021
16108,20211201,202110,遠傳電信,台南市,永康中北加盟門市加盟店,台南市永康區中山北路48號,23.02603,120.258458
16109,20211201,202110,遠傳電信,台南市,台南西港加盟門市加盟店,台南市西港區中山路331號,23.1234914,120.2030731
16110,20211201,202110,遠傳電信,台南市,台南永樂加盟門市加盟店,台南市中西區民族路三段32號,22.9979381,120.1988937
16111,20211201,202110,遠傳電信,台南市,台南鹽埕加盟門市加盟店,台南市南區金華路一段442號,22.9721235,120.1907946
16112,20211201,202110,遠傳電信,台南市,學甲中正加盟門市加盟店,台南市學甲區中正路259號,23.233721,120.180123
16113,20211201,202110,遠傳電信,台南市,台南麻豆加盟門市加盟店,台南市麻豆區興中路3號,23.18378550000001,120.2486896
16114,20211201,202110,遠傳電信,台南市,新營民治加盟門市加盟店,台南市新營區民治路398號,23.305333800000003,120.3020531
16115,20211201,202110,遠傳電信,台南市,台南東寧二加盟門市加盟店,台南市東區東寧路385號,22.9898394,120.22895619999998
16116,20211201,202110,遠傳電信,台南市,台南新市加盟門市加盟店,台南市新市區仁愛街298號,23.0769982,120.293941
16117,20211201,202110,遠傳電信,台南市,佳里延平加盟門市加盟店,台南市佳里區延平路282號,23.160353,120.178541
16118,20211201,202110,遠傳電信,台南市,台南華平加盟門市加盟店,台南市安平區華平路489號,22.9933275,120.175242
16119,20211201,202110,遠傳電信,台南市,台南安中三加盟門市加盟店,台南市安南區安中路三段419號,23.049837,120.17389740000002
16120,20211201,202110,遠傳電信,台南市,台南仁和加盟門市加盟店,台南市東區仁和路108-1號,22.9720997,120.232482
16121,20211201,202110,遠傳電信,台南市,永康農會加盟門市加盟店,台南市永康區中山南路1026號,23.0251496,120.2552533
16122,20211201,202110,遠傳電信,台南市,永康大灣二加盟門市加盟店,台南市永康區大灣路346號,23.0060861,120.266844
16123,20211201,202110,遠傳電信,台南市,新營三民加盟門市加盟店,台南市新營區三民路95號,23.306831,120.3127717
16124,20211201,202110,遠傳電信,台南市,台南鹽水加盟門市加盟店,台南市鹽水區中正路19號,23.320201500000003,120.2678627
16125,20211201,202110,遠傳電信,台南市,善化中正加盟門市加盟店,台南市善化區中正路462號,23.1311171,120.2939955
16126,20211201,202110,遠傳電信,台南市,台南民族一加盟門市加盟店,台南市中西區民族路三段290號,23.000239,120.19231
16127,20211201,202110,遠傳電信,台南市,台南華東加盟門市加盟店,台南市東區中華東路二段151號,22.9851994,120.2332249
16128,20211201,202110,遠傳電信,台南市,台南歸仁加盟門市加盟店,台南市歸仁區中山路二段251號,22.96727910000001,120.2882799
16734,20211201,202110,大潤發,台南市,台南店,台南市北區臨安路二段310號,23.0044879,120.2035687
16735,20211201,202110,大潤發,台南市,佳里店,台南市佳里區民安里同安寮80之2號,23.1668604,120.1968731
17044,20211201,202110,台灣大哥大,台南市,台南安中本淵直營服務中心,台南市安南區安中路3段389.391號,23.0496023,120.1745857
17045,20211201,202110,台灣大哥大,台南市,台南和順直營服務中心,台南市安南區安和路5段143號,23.0658764,120.2180012
17046,20211201,202110,台灣大哥大,台南市,台南安和直營服務中心,台南市安南區安和路一段314、316號,23.0324917,120.2126158
17047,20211201,202110,台灣大哥大,台南市,台南安中直營服務中心,台南市安南區安中路1段719號,23.0431305,120.1950613
17048,20211201,202110,台灣大哥大,台南市,台南海佃一直營服務中心,台南市安南區海佃路1段163號,23.0235541,120.1915337
17049,20211201,202110,台灣大哥大,台南市,新營民權直營服務中心,台南市新營區民權路11之1號,23.3101319,120.311249
17050,20211201,202110,台灣大哥大,台南市,台南新營直營服務中心,台南市新營區民治路261號,23.3054281,120.30327920000002
17051,20211201,202110,台灣大哥大,台南市,永康中山南直營服務中心,台南市永康區中山南路28之1號,23.013402,120.232502
17052,20211201,202110,台灣大哥大,台南市,永康復國直營服務中心,台南市永康區復國一路333號,23.0107967,120.2462798
17053,20211201,202110,台灣大哥大,台南市,永康中正北直營服務中心,台南市永康區中正北路66號,23.0413699,120.2407176
17054,20211201,202110,台灣大哥大,台南市,永康二王直營服務中心,台南市永康區中山南路808及810號,23.0209,120.24693700000002
17055,20211201,202110,台灣大哥大,台南市,永康崑山直營服務中心,台南市永康區大灣路938號1樓,22.9996079,120.2550219
17056,20211201,202110,台灣大哥大,台南市,永康大灣直營服務中心,台南市永康區大灣路213號,23.0076219,120.268144
17057,20211201,202110,台灣大哥大,台南市,永康中華二直營服務中心,台南市永康區中華路138之1號,23.002937,120.235478
17058,20211201,202110,台灣大哥大,台南市,永康永大直營服務中心,台南市永康區永大路二段1338、1340號,23.0223104,120.2613959
17059,20211201,202110,台灣大哥大,台南市,台南永康直營服務中心,台南市永康區中華路663號,23.0161784,120.2289416
17060,20211201,202110,台灣大哥大,台南市,台南佳里直營服務中心,台南市佳里區延平路271號,23.1609054,120.1782256
17061,20211201,202110,台灣大哥大,台南市,台南新化直營服務中心,台南市新化區中山路523號,23.0359074,120.3022429
17062,20211201,202110,台灣大哥大,台南市,台南麻豆直營服務中心,台南市麻豆區興中路32號,23.1834649,120.249384
17063,20211201,202110,台灣大哥大,台南市,台南歸仁直營服務中心,台南市歸仁區中山路2段48號,22.967093,120.2927442
17064,20211201,202110,台灣大哥大,台南市,新市中正直營服務中心,台南市新市區中正路208號1樓,23.0754348,120.2916713
17065,20211201,202110,台灣大哥大,台南市,仁德後壁直營服務中心,台南市仁德區中正路2段192號1樓,22.9480232,120.2513887
17066,20211201,202110,台灣大哥大,台南市,台南仁德直營服務中心,台南市仁德區仁義里中山路495號,22.97115010000001,120.2548904
17067,20211201,202110,台灣大哥大,台南市,台南民生直營服務中心,台南市中西區民生路2段279號1樓,22.9966797,120.1917647
17068,20211201,202110,台灣大哥大,台南市,台南民族直營服務中心,台南市中西區民族路2段55之1號,22.9943157,120.2102347
17069,20211201,202110,台灣大哥大,台南市,台南西門直營服務中心,台南市中西區西門路2段357號,22.9980338,120.1998573
17070,20211201,202110,台灣大哥大,台南市,台南金華一直營服務中心,台南市南區金華路1段511號,22.9747569,120.1907933
17071,20211201,202110,台灣大哥大,台南市,台南崇德直營服務中心,台南市東區崇德路660號,22.9694284,120.2273904
17072,20211201,202110,台灣大哥大,台南市,台南東寧直營服務中心,台南市東區東寧路260號1樓,22.9905087,120.225591
17073,20211201,202110,台灣大哥大,台南市,台南華平直營服務中心,台南市安平區華平路684號,22.9965883,120.1759715
17074,20211201,202110,台灣大哥大,台南市,台南東門直營服務中心,台南市東區東門路2段123號1樓,22.985862,120.221983
17075,20211201,202110,台灣大哥大,台南市,台南中華東直營服務中心,台南市東區中華東路3段196號,22.977065,120.225496
17076,20211201,202110,台灣大哥大,台南市,台南大同直營服務中心,台南市東區大同路2段55號,22.9797295,120.2128519
17077,20211201,202110,台灣大哥大,台南市,台南裕農直營服務中心,台南市東區裕農路597之1號,22.988686,120.2345011
17078,20211201,202110,台灣大哥大,台南市,台南公園直營服務中心,台南市北區公園路591之44號,23.0129952,120.2115399
17079,20211201,202110,台灣大哥大,台南市,台南金華二直營服務中心,台南市南區金華路2段122號,22.97862000000001,120.191562
17080,20211201,202110,台灣大哥大,台南市,台南健康直營服務中心,台南市南區健康路2段268號,22.981988,120.190019
17081,20211201,202110,台灣大哥大,台南市,台南金華三直營服務中心,台南市中西區金華路三段110、112號,22.9916497,120.1930271
17255,20211201,202110,台灣大哥大,台南市,台南南紡,台南市東區東寧路474號1樓,22.9892788,120.229773
17259,20211201,202110,台灣大哥大,台南市,台南仁和,台南市東區仁和路108之2號,22.9737132,120.2332409
17261,20211201,202110,台灣大哥大,台南市,東區大同,台南市東區大福里大同路2段245號1樓,22.9754169,120.2142493
17262,20211201,202110,台灣大哥大,台南市,台南文賢,台南市北區文賢路258號1樓,23.0047077,120.1938028
17372,20211201,202110,台灣大哥大,台南市,學甲中山,台南市學甲區中山路101號1樓,23.2344328,120.1810446
17373,20211201,202110,台灣大哥大,台南市,台南海佃,台南市安南區海佃路1段278號1樓,23.0265798,120.1908564
17374,20211201,202110,台灣大哥大,台南市,新營三民II,台南市新營區三民路91之4號1樓,23.3068513,120.3132325
17375,20211201,202110,台灣大哥大,台南市,善化中正,台南市善化區坐駕里中正路410號1樓,23.129918,120.2941378
17376,20211201,202110,台灣大哥大,台南市,善化中山,台南市善化區光文里中山路226之1號,23.1324395,120.2985597
17377,20211201,202110,台灣大哥大,台南市,佳里光復,台南市佳里區光復路198之1號1樓,23.1608519,120.1749159
17378,20211201,202110,台灣大哥大,台南市,白河中山,台南市白河區白河里中山路104號1樓,23.350375,120.415878
17379,20211201,202110,台灣大哥大,台南市,新化中山,台南市新化區中山路285號1樓,23.0358284,120.3072153
17380,20211201,202110,台灣大哥大,台南市,麻豆中山,台南市麻豆區新建里中山路157之2號1樓,23.18370010000001,120.243947
17381,20211201,202110,台灣大哥大,台南市,歸仁中山,台南市歸仁區中山路2段249號,22.96730710000001,120.288355
17382,20211201,202110,台灣大哥大,台南市,新市仁愛,台南市新市區仁愛街324號1樓,23.077688,120.2939908
17383,20211201,202110,台灣大哥大,台南市,六甲中正,台南市六甲區中正路381號1樓,23.227575,120.3505993
17384,20211201,202110,台灣大哥大,台南市,關廟中山,台南市關廟區中山路2段137之2號1樓,22.9601764,120.3257242
17385,20211201,202110,台灣大哥大,台南市,鹽水中正,台南市鹽水區中正路44號1樓,23.3201362,120.2676485
17386,20211201,202110,台灣大哥大,台南市,西港中山,台南市西港區中山路275、277號1樓,23.1213663,120.2032553
17484,20211201,202110,台灣大哥大,台南市,台南府前,台南市中西區府前路1段423號,22.9904859,120.1975012
