Unnamed: 0,匯入時間,統計時間,縣市,鄉鎮市區,村里,納稅單位,綜合所得總額,平均數,中位數,第一分位數,第三分位數,標準差,變異係數
1239,20210701,2018,臺南市,東　區,路東里,566,566148,1000,663,382,1176,1548.27,154.79
1240,20210701,2018,臺南市,東　區,大福里,487,367535,755,602,369,981,603.25,79.93
1241,20210701,2018,臺南市,東　區,東安里,410,380040,927,605,350,1045,1244.33,134.24
1242,20210701,2018,臺南市,東　區,德高里,896,818887,914,653,387,1076,996.84,109.07
1243,20210701,2018,臺南市,東　區,小東里,1438,1597847,1111,716,391,1332,1446.31,130.16
1244,20210701,2018,臺南市,東　區,後甲里,853,722272,847,644,359,1099,766.85,90.57
1245,20210701,2018,臺南市,東　區,關聖里,1623,2355314,1451,978,480,1889,1619.44,111.59
1246,20210701,2018,臺南市,東　區,圍下里,678,782573,1154,674,381,1298,1513.81,131.15
1247,20210701,2018,臺南市,東　區,虎尾里,1667,1699529,1020,701,407,1260,1086.93,106.61
1248,20210701,2018,臺南市,東　區,中西里,1107,1427813,1290,695,358,1384,5270.44,408.62
1249,20210701,2018,臺南市,東　區,泉南里,1638,1847244,1128,693,393,1306,1498.76,132.9
1250,20210701,2018,臺南市,東　區,龍山里,1883,2774386,1473,930,466,1767,1856.82,126.02
1251,20210701,2018,臺南市,東　區,忠孝里,1433,1404214,980,674,384,1229,1038.89,106.02
1252,20210701,2018,臺南市,東　區,崇誨里,743,557299,750,548,315,951,689.91,91.98
1253,20210701,2018,臺南市,東　區,大學里,458,624167,1363,855,428,1869,1371.61,100.65
1254,20210701,2018,臺南市,東　區,大德里,423,321047,759,538,319,901,718.02,94.6
1255,20210701,2018,臺南市,東　區,東光里,1829,2446153,1337,805,422,1529,1782.61,133.29
1256,20210701,2018,臺南市,東　區,大智里,2171,2011889,927,663,392,1142,854.0,92.15
1257,20210701,2018,臺南市,東　區,新東里,878,928113,1057,694,409,1271,1225.79,115.96
1258,20210701,2018,臺南市,東　區,仁和里,1363,1081235,793,603,379,1034,707.78,89.22
1259,20210701,2018,臺南市,東　區,富強里,1524,1526748,1002,672,384,1229,1097.02,109.51
1260,20210701,2018,臺南市,東　區,衛國里,426,436365,1024,640,360,1182,1256.58,122.67
1261,20210701,2018,臺南市,東　區,自強里,1892,2013363,1064,711,414,1290,1191.2,111.94
1262,20210701,2018,臺南市,東　區,崇善里,1735,1865485,1075,751,420,1362,1133.26,105.4
1263,20210701,2018,臺南市,東　區,崇學里,985,1084470,1101,690,382,1337,1329.86,120.79
1264,20210701,2018,臺南市,東　區,崇明里,1484,1780106,1200,776,392,1545,1488.6,124.1
1265,20210701,2018,臺南市,東　區,裕農里,964,928782,963,637,344,1116,1204.92,125.06
1266,20210701,2018,臺南市,東　區,莊敬里,1352,1500213,1110,725,406,1333,1308.63,117.93
1267,20210701,2018,臺南市,東　區,和平里,1816,2155199,1187,836,445,1473,1313.54,110.68
1268,20210701,2018,臺南市,東　區,富裕里,711,612902,862,648,347,1076,845.53,98.09
1269,20210701,2018,臺南市,東　區,東明里,1091,1094022,1003,688,386,1230,1139.27,113.61
1270,20210701,2018,臺南市,東　區,崇德里,1575,1613320,1024,718,416,1286,1055.45,103.04
1271,20210701,2018,臺南市,東　區,東智里,704,623012,885,681,404,1092,791.46,89.44
1272,20210701,2018,臺南市,東　區,東聖里,712,592273,832,615,375,986,777.79,93.5
1273,20210701,2018,臺南市,東　區,崇成里,1025,1056997,1031,705,382,1264,1086.52,105.36
1274,20210701,2018,臺南市,東　區,東門里,646,802461,1242,638,362,1200,6703.86,539.68
1275,20210701,2018,臺南市,東　區,成大里,587,545734,930,657,374,1184,935.87,100.66
1276,20210701,2018,臺南市,東　區,大同里,815,683633,839,569,327,987,1153.38,137.5
1277,20210701,2018,臺南市,東　區,德光里,1490,1685756,1131,732,419,1380,1409.01,124.54
1278,20210701,2018,臺南市,東　區,崇信里,1293,1228939,950,685,386,1211,973.16,102.39
1279,20210701,2018,臺南市,東　區,崇文里,2030,2092053,1031,727,420,1311,1041.29,101.04
1280,20210701,2018,臺南市,東　區,復興里,1039,924499,890,649,383,1134,833.33,93.65
1281,20210701,2018,臺南市,東　區,裕聖里,1782,2817373,1581,1097,555,1989,2188.53,138.43
1282,20210701,2018,臺南市,東　區,文聖里,1672,2426100,1451,1048,512,1905,1516.65,104.52
1283,20210701,2018,臺南市,東　區,南聖里,882,1267986,1438,943,449,1869,1810.44,125.93
1284,20210701,2018,臺南市,南　區,竹溪里,604,824370,1365,753,408,1486,2101.13,153.95
1285,20210701,2018,臺南市,南　區,新昌里,681,546903,803,566,336,980,852.91,106.2
1286,20210701,2018,臺南市,南　區,田寮里,938,778153,830,608,363,971,1084.69,130.75
1287,20210701,2018,臺南市,南　區,明亮里,986,755032,766,574,365,939,665.41,86.9
1288,20210701,2018,臺南市,南　區,光明里,1101,766883,697,555,355,877,575.83,82.67
1289,20210701,2018,臺南市,南　區,喜東里,596,485100,814,628,365,1045,669.74,82.28
1290,20210701,2018,臺南市,南　區,喜南里,229,145058,633,494,328,777,504.32,79.62
1291,20210701,2018,臺南市,南　區,喜北里,471,325655,691,551,351,896,560.1,81.01
1292,20210701,2018,臺南市,南　區,省躬里,935,687898,736,585,374,912,624.13,84.83
1293,20210701,2018,臺南市,南　區,佛壇里,643,464818,723,583,351,898,601.37,83.19
1294,20210701,2018,臺南市,南　區,同安里,557,386466,694,544,336,885,561.71,80.96
1295,20210701,2018,臺南市,南　區,興農里,590,422814,717,563,357,843,654.67,91.35
1296,20210701,2018,臺南市,南　區,明德里,366,364134,995,795,471,1249,861.5,86.59
1297,20210701,2018,臺南市,南　區,廣州里,718,601311,837,561,337,981,931.45,111.22
1298,20210701,2018,臺南市,南　區,新興里,867,793214,915,646,360,1128,983.66,107.52
1299,20210701,2018,臺南市,南　區,大成里,491,550578,1121,775,449,1407,1100.17,98.11
1300,20210701,2018,臺南市,南　區,國宅里,818,635222,777,576,342,963,823.08,105.99
1301,20210701,2018,臺南市,南　區,新生里,975,722667,741,593,345,938,720.69,97.23
1302,20210701,2018,臺南市,南　區,大林里,743,799010,1075,699,393,1235,1533.32,142.58
1303,20210701,2018,臺南市,南　區,大忠里,1311,1012883,773,578,327,958,741.1,95.92
1304,20210701,2018,臺南市,南　區,大恩里,1034,863580,835,617,392,1056,726.43,86.98
1305,20210701,2018,臺南市,南　區,明興里,916,693455,757,580,359,912,769.02,101.58
1306,20210701,2018,臺南市,南　區,文華里,1041,777505,747,555,336,897,977.09,130.82
1307,20210701,2018,臺南市,南　區,再興里,712,652270,916,622,372,1071,1134.01,123.79
1308,20210701,2018,臺南市,南　區,金華里,1452,1210945,834,584,352,1008,913.8,109.57
1309,20210701,2018,臺南市,南　區,南都里,581,472078,813,577,364,906,2021.01,248.73
1310,20210701,2018,臺南市,南　區,開南里,1511,1018229,674,553,357,853,542.57,80.51
1311,20210701,2018,臺南市,南　區,彰南里,539,589890,1094,682,402,1241,1830.62,167.27
1312,20210701,2018,臺南市,南　區,建南里,1617,1266021,783,593,363,967,693.41,88.56
1313,20210701,2018,臺南市,南　區,郡南里,1034,777366,752,604,372,921,609.79,81.11
1314,20210701,2018,臺南市,南　區,府南里,1480,1208856,817,622,370,1030,734.54,89.93
1315,20210701,2018,臺南市,南　區,文南里,1721,1548861,900,644,367,1147,874.96,97.22
1316,20210701,2018,臺南市,南　區,鯤鯓里,354,219580,620,516,319,758,465.21,75.0
1317,20210701,2018,臺南市,南　區,松安里,398,280648,705,558,361,858,595.55,84.46
1318,20210701,2018,臺南市,南　區,永寧里,333,213939,642,501,308,801,541.91,84.35
1319,20210701,2018,臺南市,南　區,南華里,622,415407,668,533,348,840,563.11,84.32
1320,20210701,2018,臺南市,南　區,鹽埕里,979,695776,711,556,348,859,671.96,94.55
1321,20210701,2018,臺南市,北　區,振興里,598,561542,939,636,339,1166,1005.04,107.03
1322,20210701,2018,臺南市,北　區,開元里,1038,738252,711,542,315,907,705.8,99.24
1323,20210701,2018,臺南市,北　區,和順里,1793,1938019,1081,717,395,1290,1346.3,124.56
1324,20210701,2018,臺南市,北　區,成功里,1599,1646597,1030,738,406,1267,1028.1,99.84
1325,20210701,2018,臺南市,北　區,文元里,1180,1262774,1070,768,431,1368,990.62,92.57
1326,20210701,2018,臺南市,北　區,大港里,1656,1400019,845,651,374,1052,765.4,90.53
1327,20210701,2018,臺南市,北　區,東興里,619,724286,1170,691,390,1316,1644.53,140.55
1328,20210701,2018,臺南市,北　區,力行里,772,728325,943,658,394,1191,897.31,95.11
1329,20210701,2018,臺南市,北　區,仁愛里,753,1004459,1334,712,389,1548,2050.71,153.73
1330,20210701,2018,臺南市,北　區,正覺里,828,650908,786,554,317,929,917.64,116.73
1331,20210701,2018,臺南市,北　區,大豐里,1238,1085204,877,581,347,977,1081.3,123.35
1332,20210701,2018,臺南市,北　區,重興里,673,754121,1121,688,384,1215,1632.88,145.72
1333,20210701,2018,臺南市,北　區,中樓里,493,474760,963,644,392,1139,1143.38,118.73
1334,20210701,2018,臺南市,北　區,公園里,588,603930,1027,619,340,1127,1522.95,148.28
1335,20210701,2018,臺南市,北　區,元寶里,1529,1569626,1027,791,452,1280,944.02,91.96
1336,20210701,2018,臺南市,北　區,永祥里,819,588549,719,536,353,863,736.42,102.48
1337,20210701,2018,臺南市,北　區,成德里,1781,2337554,1312,897,466,1664,1377.24,104.93
1338,20210701,2018,臺南市,北　區,文成里,967,1015820,1050,717,407,1265,1231.06,117.19
1339,20210701,2018,臺南市,北　區,大和里,1186,1038553,876,652,378,1116,937.24,107.03
1340,20210701,2018,臺南市,北　區,賢北里,1244,1222409,983,689,390,1266,952.3,96.91
1341,20210701,2018,臺南市,北　區,長勝里,1146,995628,869,598,338,1048,1009.52,116.2
1342,20210701,2018,臺南市,北　區,合興里,1134,1193281,1052,664,381,1229,1221.05,116.04
1343,20210701,2018,臺南市,北　區,北門里,1460,1124103,770,573,357,908,801.64,104.12
1344,20210701,2018,臺南市,北　區,小北里,1109,871042,785,590,341,967,760.04,96.77
1345,20210701,2018,臺南市,北　區,大光里,1325,1014349,766,599,363,993,633.14,82.7
1346,20210701,2018,臺南市,北　區,大興里,752,579911,771,598,368,963,699.07,90.65
1347,20210701,2018,臺南市,北　區,長興里,820,751184,916,657,373,1154,887.45,96.87
1348,20210701,2018,臺南市,北　區,北華里,996,778999,782,567,338,961,780.71,99.82
1349,20210701,2018,臺南市,北　區,華德里,1258,1691920,1345,1019,467,1789,1256.33,93.41
1350,20210701,2018,臺南市,北　區,福德里,1646,2364524,1437,947,463,1864,1583.92,110.26
1351,20210701,2018,臺南市,北　區,立人里,794,695739,876,667,397,1146,746.41,85.18
1352,20210701,2018,臺南市,北　區,雙安里,811,996350,1229,791,428,1587,1379.57,112.29
1353,20210701,2018,臺南市,北　區,元美里,1034,1299097,1256,833,445,1646,1334.8,106.24
1354,20210701,2018,臺南市,安南區,塭南里,1298,982060,757,602,359,954,647.21,85.54
1355,20210701,2018,臺南市,安南區,東和里,1100,1478463,1344,939,509,1801,1264.58,94.09
1356,20210701,2018,臺南市,安南區,州北里,1388,1173260,845,630,414,1025,773.58,91.52
1357,20210701,2018,臺南市,安南區,州南里,1427,1083088,759,598,385,960,597.15,78.68
1358,20210701,2018,臺南市,安南區,安順里,1536,1399558,911,683,421,1133,793.11,87.04
1359,20210701,2018,臺南市,安南區,新順里,2093,1862355,890,675,390,1137,781.2,87.79
1360,20210701,2018,臺南市,安南區,安東里,792,613374,774,580,361,952,721.68,93.19
1361,20210701,2018,臺南市,安南區,安西里,1154,1062869,921,678,393,1160,841.44,91.36
1362,20210701,2018,臺南市,安南區,安慶里,1967,1625244,826,615,392,1024,739.02,89.44
1363,20210701,2018,臺南市,安南區,頂安里,1505,1390267,924,717,425,1204,783.1,84.77
1364,20210701,2018,臺南市,安南區,原佃里,622,563320,906,623,355,1074,1053.33,116.31
1365,20210701,2018,臺南市,安南區,總頭里,442,367610,832,553,343,923,1104.39,132.79
1366,20210701,2018,臺南市,安南區,長安里,1318,952839,723,569,374,920,589.59,81.55
1367,20210701,2018,臺南市,安南區,公親里,273,190351,697,525,350,873,560.45,80.38
1368,20210701,2018,臺南市,安南區,海東里,1631,1402006,860,626,383,1034,914.47,106.38
1369,20210701,2018,臺南市,安南區,海西里,666,532911,800,630,400,976,920.89,115.09
1370,20210701,2018,臺南市,安南區,海南里,511,348268,682,532,353,845,564.22,82.79
1371,20210701,2018,臺南市,安南區,溪心里,2188,1879852,859,646,390,1102,728.01,84.73
1372,20210701,2018,臺南市,安南區,淵東里,1286,1062020,826,605,386,1031,766.86,92.86
1373,20210701,2018,臺南市,安南區,淵中里,907,706056,778,571,336,926,908.36,116.69
1374,20210701,2018,臺南市,安南區,淵西里,857,614234,717,565,346,906,617.06,86.09
1375,20210701,2018,臺南市,安南區,佃東里,905,631249,698,594,382,859,497.96,71.39
1376,20210701,2018,臺南市,安南區,佃西里,469,343664,733,585,352,928,606.26,82.74
1377,20210701,2018,臺南市,安南區,公塭里,236,150517,638,531,325,882,474.09,74.33
1378,20210701,2018,臺南市,安南區,南興里,443,292047,659,559,361,836,448.78,68.07
1379,20210701,2018,臺南市,安南區,學東里,524,349272,667,545,352,825,520.74,78.13
1380,20210701,2018,臺南市,安南區,城東里,325,203003,625,530,328,783,466.22,74.64
1381,20210701,2018,臺南市,安南區,城西里,289,196868,681,576,365,878,485.33,71.25
1382,20210701,2018,臺南市,安南區,城南里,665,459602,691,536,333,826,680.01,98.39
1383,20210701,2018,臺南市,安南區,城北里,339,226806,669,554,343,827,541.45,80.93
1384,20210701,2018,臺南市,安南區,城中里,252,175269,696,530,355,832,580.26,83.43
1385,20210701,2018,臺南市,安南區,砂崙里,248,154334,622,548,297,827,496.61,79.8
1386,20210701,2018,臺南市,安南區,青草里,242,144015,595,502,320,738,451.45,75.86
1387,20210701,2018,臺南市,安南區,四草里,355,271495,765,584,354,903,671.07,87.75
1388,20210701,2018,臺南市,安南區,塩田里,447,423058,946,656,403,1130,984.64,104.04
1389,20210701,2018,臺南市,安南區,顯宮里,366,270005,738,546,365,893,716.8,97.16
1390,20210701,2018,臺南市,安南區,鹿耳里,197,128932,654,532,324,850,484.48,74.03
1391,20210701,2018,臺南市,安南區,安和里,603,423122,702,576,341,882,591.23,84.26
1392,20210701,2018,臺南市,安南區,溪北里,868,703165,810,586,363,1022,772.64,95.38
1393,20210701,2018,臺南市,安南區,溪頂里,1321,1038652,786,627,394,994,636.56,80.96
1394,20210701,2018,臺南市,安南區,溪墘里,866,662180,765,568,352,917,902.67,118.05
1395,20210701,2018,臺南市,安南區,海佃里,1172,872539,744,582,345,906,711.28,95.54
1396,20210701,2018,臺南市,安南區,幸福里,921,628562,682,537,342,862,586.58,85.95
1397,20210701,2018,臺南市,安南區,梅花里,1143,915222,801,593,379,985,768.8,96.01
1398,20210701,2018,臺南市,安南區,鳳凰里,1236,940819,761,592,353,930,667.02,87.63
1399,20210701,2018,臺南市,安南區,理想里,1372,1066590,777,614,367,969,697.79,89.76
1400,20210701,2018,臺南市,安南區,溪東里,1165,1004451,862,680,404,1122,725.52,84.15
1401,20210701,2018,臺南市,安南區,布袋里,447,327964,734,595,394,905,576.88,78.63
1402,20210701,2018,臺南市,安南區,國安里,675,602379,892,659,401,1143,830.29,93.04
1403,20210701,2018,臺南市,安南區,安富里,1479,1149161,777,595,359,1003,676.33,87.05
1404,20210701,2018,臺南市,安南區,大安里,935,611969,655,517,330,794,545.33,83.32
1405,20210701,2018,臺南市,安平區,金城里,538,457056,850,594,383,975,955.88,112.52
1406,20210701,2018,臺南市,安平區,漁光里,67,42331,632,529,332,684,550.69,87.16
1407,20210701,2018,臺南市,安平區,建平里,1709,1872406,1096,722,407,1289,1423.66,129.94
1408,20210701,2018,臺南市,安平區,怡平里,1404,1487526,1059,696,394,1294,1175.8,110.98
1409,20210701,2018,臺南市,安平區,華平里,1542,1320497,856,608,365,1065,919.33,107.35
1410,20210701,2018,臺南市,安平區,平通里,2139,2108306,986,675,385,1177,1249.82,126.8
1411,20210701,2018,臺南市,安平區,文平里,1787,1927303,1079,688,385,1348,1303.81,120.89
1412,20210701,2018,臺南市,安平區,國平里,2515,2686832,1068,751,405,1292,1108.71,103.78
1413,20210701,2018,臺南市,安平區,育平里,2456,2344252,955,708,413,1200,942.97,98.79
1414,20210701,2018,臺南市,安平區,億載里,938,1018040,1085,716,428,1274,1405.14,129.47
1415,20210701,2018,臺南市,安平區,平安里,1012,869684,859,575,356,976,1113.63,129.59
1416,20210701,2018,臺南市,安平區,王城里,599,409202,683,535,343,849,630.54,92.3
1417,20210701,2018,臺南市,安平區,天妃里,767,549211,716,531,330,847,693.0,96.78
1418,20210701,2018,臺南市,中西區,赤崁里,1271,1291752,1016,629,341,1182,1789.02,176.03
1419,20210701,2018,臺南市,中西區,法華里,960,1119536,1166,792,398,1468,1302.91,111.72
1420,20210701,2018,臺南市,中西區,郡王里,1195,1358234,1137,758,387,1401,1288.74,113.39
1421,20210701,2018,臺南市,中西區,開山里,762,662309,869,583,336,1041,991.11,114.03
1422,20210701,2018,臺南市,中西區,永華里,816,708709,869,605,339,1023,929.31,107.0
1423,20210701,2018,臺南市,中西區,藥王里,1027,979573,954,611,351,1089,1188.54,124.61
1424,20210701,2018,臺南市,中西區,大涼里,854,888170,1040,718,393,1211,1185.88,114.03
1425,20210701,2018,臺南市,中西區,光賢里,1166,1148773,985,686,378,1219,1032.21,104.77
1426,20210701,2018,臺南市,中西區,西賢里,1741,1970775,1132,724,411,1302,1600.62,141.4
1427,20210701,2018,臺南市,中西區,西湖里,2053,2561938,1248,799,445,1491,1621.22,129.92
1428,20210701,2018,臺南市,中西區,城隍里,1264,1370860,1085,663,329,1296,1310.53,120.84
1429,20210701,2018,臺南市,中西區,南美里,1110,1226673,1105,602,341,1192,2652.92,240.06
1430,20210701,2018,臺南市,中西區,南門里,924,1050933,1137,744,406,1374,1366.9,120.18
1431,20210701,2018,臺南市,中西區,小西門里,996,865955,869,592,346,1051,989.54,113.81
1432,20210701,2018,臺南市,中西區,五條港里,576,470994,818,534,316,932,966.77,118.23
1433,20210701,2018,臺南市,中西區,兌悅里,1012,831276,821,552,319,923,1360.24,165.6
1434,20210701,2018,臺南市,中西區,淺草里,753,778175,1033,596,324,1218,1319.32,127.66
1435,20210701,2018,臺南市,中西區,府前里,542,427692,789,493,284,932,1064.47,134.9
1436,20210701,2018,臺南市,中西區,南廠里,988,768565,778,552,328,931,1192.83,153.34
1437,20210701,2018,臺南市,中西區,西和里,1139,1055557,927,658,370,1164,936.54,101.06
1438,20210701,2018,臺南市,新營區,忠政里,1748,1652124,945,697,394,1211,1041.1,110.15
1439,20210701,2018,臺南市,新營區,民權里,835,796457,954,657,374,1183,1040.55,109.09
1440,20210701,2018,臺南市,新營區,三仙里,937,816214,871,638,369,1113,835.59,95.92
1441,20210701,2018,臺南市,新營區,民生里,1043,872603,837,617,373,1081,806.63,96.41
1442,20210701,2018,臺南市,新營區,民榮里,1382,1107936,802,607,372,1029,717.04,89.44
1443,20210701,2018,臺南市,新營區,南興里,723,543676,752,571,356,1014,605.41,80.51
1444,20210701,2018,臺南市,新營區,中營里,435,441504,1015,730,453,1238,935.44,92.17
1445,20210701,2018,臺南市,新營區,興業里,636,627480,987,705,410,1191,1010.77,102.45
1446,20210701,2018,臺南市,新營區,王公里,1504,1418619,943,675,381,1227,906.98,96.16
1447,20210701,2018,臺南市,新營區,大宏里,1064,1040993,978,681,390,1182,1084.14,110.81
1448,20210701,2018,臺南市,新營區,護鎮里,401,321812,803,638,403,1025,664.11,82.75
1449,20210701,2018,臺南市,新營區,埤寮里,502,409021,815,588,360,1050,738.33,90.62
1450,20210701,2018,臺南市,新營區,土庫里,395,312467,791,613,371,1034,665.55,84.13
1451,20210701,2018,臺南市,新營區,太南里,430,298912,695,581,367,864,505.77,72.76
1452,20210701,2018,臺南市,新營區,太北里,488,371348,761,566,379,901,1004.43,132.0
1453,20210701,2018,臺南市,新營區,南紙里,1226,921757,752,594,369,946,611.31,81.31
1454,20210701,2018,臺南市,新營區,嘉芳里,597,414890,695,543,358,877,637.68,91.76
1455,20210701,2018,臺南市,新營區,五興里,345,250756,727,555,359,851,669.51,92.11
1456,20210701,2018,臺南市,新營區,姑爺里,202,145968,723,566,370,926,555.58,76.88
1457,20210701,2018,臺南市,新營區,新北里,1789,1652560,924,700,427,1170,799.35,86.54
1458,20210701,2018,臺南市,新營區,新南里,1761,1750756,994,750,444,1281,868.98,87.41
1459,20210701,2018,臺南市,新營區,新東里,2451,2649566,1081,826,456,1430,960.28,88.83
1460,20210701,2018,臺南市,新營區,永平里,815,609157,747,550,318,920,726.66,97.22
1461,20210701,2018,臺南市,鹽水區,水秀里,382,278486,729,573,369,926,608.98,83.53
1462,20210701,2018,臺南市,鹽水區,橋南里,1076,788926,733,593,375,909,642.87,87.68
1463,20210701,2018,臺南市,鹽水區,岸內里,1093,840243,769,598,376,972,640.23,83.28
1464,20210701,2018,臺南市,鹽水區,汫水里,200,144925,725,579,357,870,604.52,83.43
1465,20210701,2018,臺南市,鹽水區,歡雅里,361,248269,688,538,331,811,626.61,91.11
1466,20210701,2018,臺南市,鹽水區,津城里,398,317381,797,615,346,990,810.0,101.58
1467,20210701,2018,臺南市,鹽水區,月港里,473,361086,763,593,373,921,651.95,85.4
1468,20210701,2018,臺南市,鹽水區,三明里,362,282895,781,595,400,901,696.38,89.11
1469,20210701,2018,臺南市,鹽水區,義中里,360,255359,709,557,365,889,559.93,78.94
1470,20210701,2018,臺南市,鹽水區,文昌里,222,150585,678,522,307,854,549.63,81.03
1471,20210701,2018,臺南市,鹽水區,竹林里,233,156365,671,524,345,811,608.46,90.67
1472,20210701,2018,臺南市,鹽水區,三和里,169,122280,724,531,317,890,732.53,101.24
1473,20210701,2018,臺南市,鹽水區,坔頭港里,290,183441,633,536,351,787,445.54,70.44
1474,20210701,2018,臺南市,白河區,白河里,375,288993,771,591,357,957,733.02,95.12
1475,20210701,2018,臺南市,白河區,永安里,805,620007,770,590,354,966,669.38,86.91
1476,20210701,2018,臺南市,白河區,庄內里,383,293935,767,573,362,895,741.9,96.67
1477,20210701,2018,臺南市,白河區,外角里,295,192701,653,543,329,833,511.02,78.23
1478,20210701,2018,臺南市,白河區,秀祐里,215,147460,686,556,318,893,539.83,78.71
1479,20210701,2018,臺南市,白河區,大竹里,273,180810,662,545,301,795,547.66,82.69
1480,20210701,2018,臺南市,白河區,內角里,131,94686,723,579,348,889,768.68,106.35
1481,20210701,2018,臺南市,白河區,竹門里,166,119023,717,643,389,887,488.94,68.19
1482,20210701,2018,臺南市,白河區,崎內里,129,88711,688,548,332,853,617.78,89.84
1483,20210701,2018,臺南市,白河區,汴頭里,83,56594,682,526,274,880,586.67,86.04
1484,20210701,2018,臺南市,白河區,昇安里,261,193508,741,550,320,780,1402.67,189.19
1485,20210701,2018,臺南市,白河區,河東里,267,211995,794,569,375,846,1102.33,138.83
1486,20210701,2018,臺南市,白河區,虎山里,75,56529,754,621,366,925,640.69,85.0
1487,20210701,2018,臺南市,白河區,大林里,99,71947,727,571,385,906,523.46,72.03
1488,20210701,2018,臺南市,白河區,崁頭里,65,37216,573,475,275,744,497.58,86.91
1489,20210701,2018,臺南市,白河區,六溪里,73,51771,709,598,363,716,814.64,114.87
1490,20210701,2018,臺南市,白河區,關嶺里,150,106287,709,525,297,772,769.33,108.57
1491,20210701,2018,臺南市,白河區,仙草里,146,81393,557,467,273,763,435.68,78.15
1492,20210701,2018,臺南市,白河區,廣蓮里,295,216549,734,576,368,949,564.22,76.86
1493,20210701,2018,臺南市,白河區,詔豐里,376,274112,729,580,344,878,705.58,96.79
1494,20210701,2018,臺南市,白河區,馬稠後里,239,159217,666,558,353,856,537.23,80.64
1495,20210701,2018,臺南市,柳營區,士林里,561,457980,816,646,412,1004,676.0,82.81
1496,20210701,2018,臺南市,柳營區,光福里,423,317497,751,556,352,889,700.05,93.27
1497,20210701,2018,臺南市,柳營區,中埕里,353,269398,763,619,388,980,553.5,72.53
1498,20210701,2018,臺南市,柳營區,東昇里,783,635283,811,611,386,1047,696.47,85.84
1499,20210701,2018,臺南市,柳營區,八翁里,384,299930,781,622,348,999,769.07,98.46
1500,20210701,2018,臺南市,柳營區,人和里,176,124223,706,532,363,872,607.3,86.04
1501,20210701,2018,臺南市,柳營區,太康里,380,330473,870,676,398,1054,905.69,104.14
1502,20210701,2018,臺南市,柳營區,重溪里,421,321697,764,592,369,972,637.08,83.37
1503,20210701,2018,臺南市,柳營區,篤農里,304,229753,756,592,357,869,739.7,97.87
1504,20210701,2018,臺南市,柳營區,大農里,145,98344,678,549,318,902,517.24,76.26
1505,20210701,2018,臺南市,柳營區,神農里,332,234699,707,610,391,893,494.02,69.88
1506,20210701,2018,臺南市,柳營區,果毅里,282,204123,724,578,388,884,559.46,77.29
1507,20210701,2018,臺南市,柳營區,旭山里,297,204471,688,558,330,829,606.05,88.03
1508,20210701,2018,臺南市,後壁區,後壁里,450,368343,819,637,381,1019,693.86,84.77
1509,20210701,2018,臺南市,後壁區,嘉苳里,279,225205,807,635,411,944,746.82,92.52
1510,20210701,2018,臺南市,後壁區,侯伯里,315,244443,776,584,364,923,653.21,84.18
1511,20210701,2018,臺南市,後壁區,土溝里,264,190656,722,555,356,876,557.81,77.24
1512,20210701,2018,臺南市,後壁區,頂安里,334,275230,824,669,408,1030,637.89,77.41
1513,20210701,2018,臺南市,後壁區,長安里,329,240265,730,584,351,932,565.9,77.49
1514,20210701,2018,臺南市,後壁區,福安里,428,329494,770,570,389,935,660.45,85.79
1515,20210701,2018,臺南市,後壁區,菁寮里,300,263420,878,663,437,1127,816.08,92.94
1516,20210701,2018,臺南市,後壁區,菁豐里,291,243728,838,627,398,1077,771.56,92.12
1517,20210701,2018,臺南市,後壁區,新嘉里,193,138819,719,593,369,949,538.72,74.9
1518,20210701,2018,臺南市,後壁區,新東里,401,293260,731,591,376,969,545.29,74.56
1519,20210701,2018,臺南市,後壁區,竹新里,295,207796,704,578,359,925,578.81,82.17
1520,20210701,2018,臺南市,後壁區,上茄苳里,453,329456,727,571,343,938,592.37,81.45
1521,20210701,2018,臺南市,後壁區,長短樹里,418,296164,709,561,372,909,540.49,76.28
1522,20210701,2018,臺南市,東山區,東山里,292,192059,658,555,343,801,523.34,79.57
1523,20210701,2018,臺南市,東山區,東中里,584,449231,769,573,338,945,817.94,106.33
1524,20210701,2018,臺南市,東山區,東正里,285,196491,689,552,355,867,546.17,79.22
1525,20210701,2018,臺南市,東山區,三榮里,166,113068,681,529,341,855,637.43,93.58
1526,20210701,2018,臺南市,東山區,大客里,190,124539,655,575,398,838,404.87,61.77
1527,20210701,2018,臺南市,東山區,科里里,199,147094,739,619,432,904,537.39,72.7
1528,20210701,2018,臺南市,東山區,東河里,185,117145,633,531,329,844,438.21,69.2
1529,20210701,2018,臺南市,東山區,聖賢里,434,326570,752,584,360,915,633.39,84.18
1530,20210701,2018,臺南市,東山區,南溪里,76,54745,720,538,394,838,634.73,88.12
1531,20210701,2018,臺南市,東山區,水雲里,57,42509,746,534,363,874,788.32,105.71
1532,20210701,2018,臺南市,東山區,林安里,64,36178,565,446,267,695,433.18,76.63
1533,20210701,2018,臺南市,東山區,東原里,369,252621,685,562,337,818,585.2,85.48
1534,20210701,2018,臺南市,東山區,嶺南里,88,61374,697,528,382,695,719.29,103.13
1535,20210701,2018,臺南市,東山區,南勢里,139,89439,643,508,324,697,689.37,107.14
1536,20210701,2018,臺南市,東山區,青山里,150,95434,636,509,305,783,597.35,93.89
1537,20210701,2018,臺南市,東山區,高原里,137,84964,620,490,293,791,524.09,84.51
1538,20210701,2018,臺南市,麻豆區,東角里,893,798252,894,687,412,1153,732.13,81.9
1539,20210701,2018,臺南市,麻豆區,晋江里,801,670545,837,619,393,1028,771.71,92.18
1540,20210701,2018,臺南市,麻豆區,巷口里,717,623614,870,626,396,1138,794.67,91.37
1541,20210701,2018,臺南市,麻豆區,中興里,617,497057,806,643,389,1092,624.15,77.48
1542,20210701,2018,臺南市,麻豆區,興農里,451,371007,823,675,380,1098,629.05,76.47
1543,20210701,2018,臺南市,麻豆區,油車里,1100,950162,864,658,405,1061,825.9,95.61
1544,20210701,2018,臺南市,麻豆區,北勢里,241,183894,763,590,386,904,690.42,90.48
1545,20210701,2018,臺南市,麻豆區,大埕里,888,756952,852,634,381,1085,762.6,89.46
1546,20210701,2018,臺南市,麻豆區,寮廍里,457,343530,752,609,417,897,668.88,88.98
1547,20210701,2018,臺南市,麻豆區,南勢里,693,582882,841,589,369,1055,834.68,99.24
1548,20210701,2018,臺南市,麻豆區,安業里,329,238229,724,575,366,890,620.24,85.66
1549,20210701,2018,臺南市,麻豆區,安正里,238,164598,692,558,398,828,498.93,72.14
1550,20210701,2018,臺南市,麻豆區,埤頭里,594,453810,764,619,386,942,614.03,80.37
1551,20210701,2018,臺南市,麻豆區,海埔里,499,391821,785,610,392,962,652.81,83.14
1552,20210701,2018,臺南市,麻豆區,港尾里,324,305393,943,576,353,1094,1058.21,112.27
1553,20210701,2018,臺南市,麻豆區,麻口里,282,195973,695,551,372,843,529.08,76.13
1554,20210701,2018,臺南市,麻豆區,新興里,566,499407,882,619,368,1117,842.8,95.52
1555,20210701,2018,臺南市,麻豆區,謝厝寮里,389,303234,780,597,377,933,680.2,87.26
1556,20210701,2018,臺南市,麻豆區,井東里,446,334400,750,566,353,897,799.55,106.64
1557,20210701,2018,臺南市,麻豆區,清水里,402,307427,765,623,383,942,618.35,80.86
1558,20210701,2018,臺南市,下營區,仁里里,543,418736,771,590,364,928,751.76,97.48
1559,20210701,2018,臺南市,下營區,宅內里,388,284255,733,602,392,984,550.65,75.16
1560,20210701,2018,臺南市,下營區,後街里,407,326629,803,618,414,958,689.4,85.9
1561,20210701,2018,臺南市,下營區,新興里,518,394839,762,593,382,977,616.79,80.92
1562,20210701,2018,臺南市,下營區,下營里,402,292019,726,592,311,986,570.11,78.48
1563,20210701,2018,臺南市,下營區,營前里,544,448207,824,667,418,1121,623.96,75.73
1564,20210701,2018,臺南市,下營區,開化里,447,339582,760,607,370,1018,736.36,96.93
1565,20210701,2018,臺南市,下營區,西連里,202,155745,771,620,402,987,572.07,74.2
1566,20210701,2018,臺南市,下營區,賀建里,279,207939,745,578,384,941,570.37,76.53
1567,20210701,2018,臺南市,下營區,大吉里,352,243409,692,542,343,923,508.8,73.58
1568,20210701,2018,臺南市,下營區,茅營里,571,450043,788,577,369,962,731.41,92.8
1569,20210701,2018,臺南市,下營區,紅甲里,459,353549,770,558,355,990,725.93,94.24
1570,20210701,2018,臺南市,六甲區,六甲里,845,673868,797,608,373,984,760.58,95.37
1571,20210701,2018,臺南市,六甲區,甲東里,727,565065,777,615,383,996,656.38,84.45
1572,20210701,2018,臺南市,六甲區,甲南里,398,300967,756,601,362,1022,597.76,79.05
1573,20210701,2018,臺南市,六甲區,七甲里,502,368242,734,576,370,871,608.14,82.9
1574,20210701,2018,臺南市,六甲區,二甲里,981,775369,790,610,395,979,701.58,88.76
1575,20210701,2018,臺南市,六甲區,水林里,592,452091,764,611,403,965,591.81,77.5
1576,20210701,2018,臺南市,六甲區,中社里,407,307494,756,608,402,967,536.28,70.98
1577,20210701,2018,臺南市,六甲區,龜港里,333,242433,728,591,379,915,564.75,77.57
1578,20210701,2018,臺南市,六甲區,菁埔里,150,98218,655,557,387,767,483.85,73.89
1579,20210701,2018,臺南市,六甲區,王爺里,137,96010,701,563,390,839,532.89,76.04
1580,20210701,2018,臺南市,六甲區,大丘里,86,55440,645,571,332,824,500.39,77.62
1581,20210701,2018,臺南市,官田區,官田里,603,462567,767,604,402,981,639.32,83.34
1582,20210701,2018,臺南市,官田區,隆田里,562,448470,798,623,390,1024,635.76,79.67
1583,20210701,2018,臺南市,官田區,二鎮里,991,754523,761,619,390,962,609.61,80.07
1584,20210701,2018,臺南市,官田區,社子里,172,113268,659,566,370,835,440.19,66.84
1585,20210701,2018,臺南市,官田區,大崎里,71,58802,828,557,357,1282,638.04,77.04
1586,20210701,2018,臺南市,官田區,隆本里,1069,823550,770,628,402,1000,607.62,78.87
1587,20210701,2018,臺南市,官田區,南廍里,325,209727,645,546,342,853,444.98,68.96
1588,20210701,2018,臺南市,官田區,渡拔里,644,471482,732,578,368,883,659.06,90.02
1589,20210701,2018,臺南市,官田區,烏山頭里,303,257550,850,685,432,1039,783.93,92.23
1590,20210701,2018,臺南市,官田區,東西庄里,458,328627,718,592,386,915,514.38,71.69
1591,20210701,2018,臺南市,大內區,石湖里,205,145784,711,527,353,906,595.82,83.78
1592,20210701,2018,臺南市,大內區,石林里,133,86876,653,506,324,766,568.06,86.97
1593,20210701,2018,臺南市,大內區,石城里,360,228980,636,539,338,818,460.27,72.36
1594,20210701,2018,臺南市,大內區,內江里,204,134238,658,539,368,865,464.66,70.61
1595,20210701,2018,臺南市,大內區,大內里,184,128276,697,557,363,929,518.29,74.34
1596,20210701,2018,臺南市,大內區,內郭里,138,83703,607,491,350,789,451.87,74.5
1597,20210701,2018,臺南市,大內區,頭社里,171,109415,640,560,412,814,340.39,53.2
1598,20210701,2018,臺南市,大內區,二溪里,160,127731,798,585,378,986,671.78,84.15
1599,20210701,2018,臺南市,大內區,曲溪里,108,69440,643,542,367,772,461.96,71.85
1600,20210701,2018,臺南市,大內區,環湖里,102,68658,673,576,413,941,416.92,61.94
1601,20210701,2018,臺南市,佳里區,鎮山里,1640,1258279,767,603,376,967,654.42,85.3
1602,20210701,2018,臺南市,佳里區,東寧里,663,544253,821,603,353,961,869.22,105.89
1603,20210701,2018,臺南市,佳里區,六安里,1331,1208343,908,678,404,1165,845.77,93.16
1604,20210701,2018,臺南市,佳里區,安西里,1943,1578042,812,622,389,993,714.24,87.94
1605,20210701,2018,臺南市,佳里區,建南里,1325,1124945,849,618,378,1050,812.49,95.7
1606,20210701,2018,臺南市,佳里區,佳化里,620,460368,743,563,382,891,719.3,96.87
1607,20210701,2018,臺南市,佳里區,海澄里,521,375271,720,559,360,892,627.7,87.15
1608,20210701,2018,臺南市,佳里區,子龍里,560,439118,784,612,377,945,834.62,106.44
1609,20210701,2018,臺南市,佳里區,民安里,421,317582,754,625,381,992,538.71,71.41
1610,20210701,2018,臺南市,佳里區,忠仁里,805,632418,786,613,358,991,774.08,98.53
1611,20210701,2018,臺南市,佳里區,下營里,427,298470,699,559,355,868,541.64,77.49
1612,20210701,2018,臺南市,佳里區,營溪里,245,189811,775,570,361,890,885.33,114.27
1613,20210701,2018,臺南市,佳里區,塭內里,583,398835,684,543,358,783,816.43,119.34
1614,20210701,2018,臺南市,佳里區,佳興里,563,413371,734,576,361,874,710.39,96.75
1615,20210701,2018,臺南市,佳里區,南勢里,1363,1194581,876,677,406,1129,721.06,82.27
1616,20210701,2018,臺南市,佳里區,文新里,1689,1535899,909,673,413,1138,1057.83,116.33
1617,20210701,2018,臺南市,西港區,西港里,907,703300,775,606,381,933,694.27,89.54
1618,20210701,2018,臺南市,西港區,南海里,649,447380,689,543,360,863,542.63,78.72
1619,20210701,2018,臺南市,西港區,港東里,436,281648,646,542,322,821,504.35,78.08
1620,20210701,2018,臺南市,西港區,檨林里,341,240827,706,575,370,856,565.9,80.13
1621,20210701,2018,臺南市,西港區,後營里,363,246354,679,530,355,826,513.08,75.6
1622,20210701,2018,臺南市,西港區,營西里,349,256842,736,567,345,931,689.94,93.75
1623,20210701,2018,臺南市,西港區,金砂里,165,116585,707,564,345,866,628.63,88.97
1624,20210701,2018,臺南市,西港區,劉厝里,280,189915,678,534,364,877,492.73,72.65
1625,20210701,2018,臺南市,西港區,竹林里,284,201023,708,538,342,821,702.8,99.29
1626,20210701,2018,臺南市,西港區,永樂里,264,183290,694,511,339,814,752.3,108.36
1627,20210701,2018,臺南市,西港區,新復里,151,93157,617,475,339,808,473.9,76.82
1628,20210701,2018,臺南市,西港區,慶安里,1297,1012337,781,592,360,970,757.03,96.99
1629,20210701,2018,臺南市,七股區,後港里,167,124862,748,538,373,842,773.55,103.46
1630,20210701,2018,臺南市,七股區,大潭里,112,65724,587,493,336,722,368.87,62.86
1631,20210701,2018,臺南市,七股區,頂山里,125,76645,613,468,268,735,701.09,114.34
1632,20210701,2018,臺南市,七股區,西寮里,54,35050,649,543,299,784,599.04,92.29
1633,20210701,2018,臺南市,七股區,篤加里,157,112078,714,530,303,830,893.78,125.2
1634,20210701,2018,臺南市,七股區,中寮里,93,63893,687,548,346,862,578.46,84.2
1635,20210701,2018,臺南市,七股區,塩埕里,51,30550,599,547,268,844,442.3,73.84
1636,20210701,2018,臺南市,七股區,七股里,204,150559,738,577,359,919,603.94,81.83
1637,20210701,2018,臺南市,七股區,溪南里,64,57728,902,647,397,1086,995.97,110.42
1638,20210701,2018,臺南市,七股區,玉成里,167,109104,653,509,310,888,560.74,85.83
1639,20210701,2018,臺南市,七股區,大埕里,572,384392,672,536,349,790,577.69,85.96
1640,20210701,2018,臺南市,七股區,樹林里,376,249559,664,532,336,802,551.29,83.06
1641,20210701,2018,臺南市,七股區,竹橋里,235,160596,683,554,361,895,485.86,71.1
1642,20210701,2018,臺南市,七股區,義合里,393,269922,687,560,351,836,645.19,93.94
1643,20210701,2018,臺南市,七股區,永吉里,165,109157,662,549,334,868,634.4,95.89
1644,20210701,2018,臺南市,七股區,三股里,208,137957,663,510,335,808,553.61,83.47
1645,20210701,2018,臺南市,七股區,十份里,202,133795,662,533,346,781,605.2,91.37
1646,20210701,2018,臺南市,七股區,龍山里,264,168120,637,534,323,793,510.14,80.11
1647,20210701,2018,臺南市,將軍區,長榮里,293,208903,713,549,350,921,616.32,86.44
1648,20210701,2018,臺南市,將軍區,玉山里,121,70338,581,517,347,673,432.02,74.32
1649,20210701,2018,臺南市,將軍區,廣山里,82,52315,638,480,347,716,569.29,89.23
1650,20210701,2018,臺南市,將軍區,長沙里,226,140089,620,531,330,775,462.73,74.65
1651,20210701,2018,臺南市,將軍區,平沙里,184,121691,661,529,340,812,530.14,80.16
1652,20210701,2018,臺南市,將軍區,鯤鯓里,319,202994,636,543,366,794,471.37,74.07
1653,20210701,2018,臺南市,將軍區,鯤溟里,122,73377,601,530,319,839,442.21,73.52
1654,20210701,2018,臺南市,將軍區,西甲里,577,421716,731,578,380,926,555.49,76.0
1655,20210701,2018,臺南市,將軍區,忠嘉里,557,381305,685,539,347,808,566.09,82.69
1656,20210701,2018,臺南市,將軍區,苓仔寮里,416,287598,691,530,351,799,659.88,95.45
1657,20210701,2018,臺南市,將軍區,巷埔里,186,138842,746,605,399,967,582.55,78.04
1658,20210701,2018,臺南市,將軍區,將軍里,291,210106,722,547,339,801,912.6,126.4
1659,20210701,2018,臺南市,北門區,北門里,158,117302,742,599,384,877,603.69,81.31
1660,20210701,2018,臺南市,北門區,永隆里,148,90204,609,488,308,776,507.07,83.2
1661,20210701,2018,臺南市,北門區,玉港里,134,91306,681,597,381,844,500.88,73.51
1662,20210701,2018,臺南市,北門區,保吉里,280,188108,672,531,336,804,586.7,87.33
1663,20210701,2018,臺南市,北門區,雙春里,65,40909,629,560,340,811,487.54,77.46
1664,20210701,2018,臺南市,北門區,錦湖里,134,99357,741,563,341,873,697.54,94.07
1665,20210701,2018,臺南市,北門區,慈安里,134,98982,739,614,363,1006,541.5,73.31
1666,20210701,2018,臺南市,北門區,三光里,220,139641,635,542,359,799,413.49,65.14
1667,20210701,2018,臺南市,北門區,蚵寮里,284,192537,678,497,327,826,598.96,88.35
1668,20210701,2018,臺南市,北門區,文山里,244,170183,697,593,412,849,527.63,75.65
1669,20210701,2018,臺南市,學甲區,仁得里,1140,876497,769,590,383,925,717.3,93.29
1670,20210701,2018,臺南市,學甲區,新榮里,619,470119,759,621,407,952,573.82,75.55
1671,20210701,2018,臺南市,學甲區,光華里,290,180754,623,528,371,799,407.54,65.38
1672,20210701,2018,臺南市,學甲區,宅港里,178,123509,694,574,364,886,483.8,69.73
1673,20210701,2018,臺南市,學甲區,明宜里,498,384170,771,618,372,961,648.71,84.09
1674,20210701,2018,臺南市,學甲區,慈福里,551,413849,751,602,364,945,652.16,86.83
1675,20210701,2018,臺南市,學甲區,新達里,525,408210,778,607,390,943,666.79,85.76
1676,20210701,2018,臺南市,學甲區,大灣里,246,178572,726,544,356,960,565.65,77.92
1677,20210701,2018,臺南市,學甲區,中洲里,323,245026,759,561,361,960,796.28,104.97
1678,20210701,2018,臺南市,學甲區,平和里,201,123520,615,551,364,757,467.01,76.0
1679,20210701,2018,臺南市,學甲區,豐和里,300,202224,674,539,345,856,487.75,72.36
1680,20210701,2018,臺南市,學甲區,三慶里,247,169163,685,560,389,887,496.24,72.46
1681,20210701,2018,臺南市,學甲區,秀昌里,657,490254,746,580,371,950,663.37,88.9
1682,20210701,2018,臺南市,新化區,武安里,917,674633,736,558,351,920,672.24,91.38
1683,20210701,2018,臺南市,新化區,東榮里,1098,869729,792,579,371,976,783.8,98.95
1684,20210701,2018,臺南市,新化區,護國里,767,595055,776,606,360,1009,675.39,87.05
1685,20210701,2018,臺南市,新化區,太平里,1264,1028004,813,612,369,1018,775.46,95.35
1686,20210701,2018,臺南市,新化區,協興里,954,697305,731,558,366,892,632.02,86.47
1687,20210701,2018,臺南市,新化區,唪口里,596,465265,781,589,365,969,696.35,89.2
1688,20210701,2018,臺南市,新化區,北勢里,415,299628,722,597,386,969,535.3,74.14
1689,20210701,2018,臺南市,新化區,豐榮里,921,779770,847,624,403,1019,739.64,87.36
1690,20210701,2018,臺南市,新化區,全興里,844,793823,941,671,383,1126,909.44,96.69
1691,20210701,2018,臺南市,新化區,崙頂里,507,408507,806,623,406,975,727.21,90.25
1692,20210701,2018,臺南市,新化區,知義里,507,373419,737,547,341,831,796.57,108.15
1693,20210701,2018,臺南市,新化區,山腳里,355,287063,809,577,369,947,863.27,106.76
1694,20210701,2018,臺南市,新化區,大坑里,63,36578,581,444,302,670,498.52,85.86
1695,20210701,2018,臺南市,新化區,𦰡拔里,504,380152,754,561,362,930,669.51,88.76
1696,20210701,2018,臺南市,新化區,羊林里,184,121262,659,540,344,826,478.65,72.63
1697,20210701,2018,臺南市,新化區,礁坑里,157,109283,696,546,338,792,865.92,124.4
1698,20210701,2018,臺南市,善化區,東關里,410,544934,1329,933,488,1919,1129.12,84.95
1699,20210701,2018,臺南市,善化區,文昌里,855,813527,951,652,401,1198,933.63,98.12
1700,20210701,2018,臺南市,善化區,南關里,532,458551,862,615,386,1066,837.0,97.11
1701,20210701,2018,臺南市,善化區,文正里,497,538636,1084,758,438,1333,1043.8,96.31
1702,20210701,2018,臺南市,善化區,坐駕里,1436,1591996,1109,819,460,1474,956.33,86.26
1703,20210701,2018,臺南市,善化區,胡家里,296,229281,775,617,428,941,608.74,78.59
1704,20210701,2018,臺南市,善化區,胡厝里,563,471267,837,620,399,1046,791.1,94.51
1705,20210701,2018,臺南市,善化區,什乃里,366,303590,829,642,398,1069,693.34,83.59
1706,20210701,2018,臺南市,善化區,溪美里,560,634917,1134,696,421,1213,1692.75,149.3
1707,20210701,2018,臺南市,善化區,六分里,189,154972,820,644,380,1107,610.39,74.44
1708,20210701,2018,臺南市,善化區,田寮里,476,367380,772,621,398,932,601.81,77.97
1709,20210701,2018,臺南市,善化區,六德里,269,198947,740,567,392,897,653.7,88.39
1710,20210701,2018,臺南市,善化區,牛庄里,529,459567,869,640,397,1084,800.94,92.19
1711,20210701,2018,臺南市,善化區,嘉南里,288,229214,796,627,379,985,690.6,86.77
1712,20210701,2018,臺南市,善化區,嘉北里,441,388617,881,694,457,1131,684.1,77.63
1713,20210701,2018,臺南市,善化區,小新里,1498,1590370,1062,789,477,1319,1005.4,94.7
1714,20210701,2018,臺南市,善化區,光文里,1882,2010818,1068,744,426,1340,1124.63,105.26
1715,20210701,2018,臺南市,善化區,頂街里,356,341406,959,679,413,1277,860.33,89.71
1716,20210701,2018,臺南市,善化區,昌隆里,516,410168,795,591,373,1008,759.12,95.5
1717,20210701,2018,臺南市,善化區,蓮潭里,1217,2215289,1820,1574,881,2454,1328.55,72.99
1718,20210701,2018,臺南市,新市區,新市里,934,761743,816,627,393,1006,645.41,79.14
1719,20210701,2018,臺南市,新市區,新和里,2150,2058829,958,690,429,1186,875.34,91.41
1720,20210701,2018,臺南市,新市區,社內里,808,693541,858,674,410,1099,670.0,78.06
1721,20210701,2018,臺南市,新市區,大洲里,164,126989,774,584,398,881,642.23,82.94
1722,20210701,2018,臺南市,新市區,豐華里,235,193742,824,567,383,961,1032.47,125.23
1723,20210701,2018,臺南市,新市區,三舍里,527,657883,1248,762,449,1432,1476.66,118.29
1724,20210701,2018,臺南市,新市區,大營里,1060,947960,894,679,402,1135,807.18,90.26
1725,20210701,2018,臺南市,新市區,大社里,1389,1170292,843,650,417,1053,717.88,85.2
1726,20210701,2018,臺南市,新市區,潭頂里,515,378250,734,540,353,920,711.37,96.86
1727,20210701,2018,臺南市,新市區,港墘里,1111,810409,729,576,371,889,578.93,79.37
1728,20210701,2018,臺南市,新市區,永就里,945,797009,843,661,403,1099,673.33,79.84
1729,20210701,2018,臺南市,安定區,蘇林里,575,417583,726,589,363,948,541.27,74.53
1730,20210701,2018,臺南市,安定區,蘇厝里,557,434473,780,617,389,1002,613.61,78.67
1731,20210701,2018,臺南市,安定區,安定里,369,294436,798,639,426,956,631.65,79.16
1732,20210701,2018,臺南市,安定區,安加里,532,465609,875,690,418,1153,678.72,77.55
1733,20210701,2018,臺南市,安定區,港尾里,366,296094,809,586,388,990,781.61,96.61
1734,20210701,2018,臺南市,安定區,中榮里,531,544820,1026,760,436,1306,969.25,94.47
1735,20210701,2018,臺南市,安定區,港口里,814,642086,789,635,397,980,608.58,77.15
1736,20210701,2018,臺南市,安定區,港南里,695,536657,772,574,367,957,668.21,86.54
1737,20210701,2018,臺南市,安定區,新吉里,682,542258,795,577,379,968,764.79,96.19
1738,20210701,2018,臺南市,安定區,海寮里,639,472936,740,571,381,908,626.79,84.69
1739,20210701,2018,臺南市,安定區,中沙里,175,139792,799,639,373,923,813.77,101.87
1740,20210701,2018,臺南市,安定區,嘉同里,571,388258,680,544,352,798,677.12,99.58
1741,20210701,2018,臺南市,安定區,文科里,388,294993,760,574,378,948,651.92,85.75
1742,20210701,2018,臺南市,山上區,山上里,265,196833,743,592,386,930,541.71,72.93
1743,20210701,2018,臺南市,山上區,南洲里,413,286612,694,548,360,888,569.5,82.06
1744,20210701,2018,臺南市,山上區,明和里,409,300077,734,584,384,949,546.21,74.45
1745,20210701,2018,臺南市,山上區,新莊里,279,180254,646,554,367,832,441.87,68.39
1746,20210701,2018,臺南市,山上區,玉峰里,90,58144,646,587,358,824,414.71,64.19
1747,20210701,2018,臺南市,山上區,豐德里,70,49626,709,475,371,751,867.27,122.33
1748,20210701,2018,臺南市,山上區,平陽里,89,58753,660,566,339,831,540.67,81.9
1749,20210701,2018,臺南市,玉井區,玉井里,296,234476,792,608,380,1001,646.96,81.67
1750,20210701,2018,臺南市,玉井區,玉田里,864,663757,768,595,361,964,680.17,88.54
1751,20210701,2018,臺南市,玉井區,中正里,219,160344,732,558,365,910,672.01,91.78
1752,20210701,2018,臺南市,玉井區,竹圍里,270,180251,668,552,378,815,471.57,70.64
1753,20210701,2018,臺南市,玉井區,沙田里,83,63964,771,576,366,1013,652.81,84.71
1754,20210701,2018,臺南市,玉井區,三埔里,75,60128,802,683,461,1116,559.89,69.84
1755,20210701,2018,臺南市,玉井區,三和里,141,106297,754,568,368,951,620.39,82.29
1756,20210701,2018,臺南市,玉井區,望明里,250,164132,657,539,361,749,498.28,75.9
1757,20210701,2018,臺南市,玉井區,層林里,91,62836,691,551,392,827,489.26,70.86
1758,20210701,2018,臺南市,玉井區,豐里里,167,122763,735,539,349,827,934.57,127.13
1759,20210701,2018,臺南市,楠西區,楠西里,322,220833,686,565,343,853,536.13,78.17
1760,20210701,2018,臺南市,楠西區,灣丘里,155,106909,690,524,301,872,585.03,84.82
1761,20210701,2018,臺南市,楠西區,密枝里,86,66165,769,568,414,908,634.96,82.53
1762,20210701,2018,臺南市,楠西區,照興里,135,77335,573,461,319,701,490.66,85.65
1763,20210701,2018,臺南市,楠西區,鹿田里,149,101923,684,527,337,856,531.29,77.67
1764,20210701,2018,臺南市,楠西區,龜丹里,106,73003,689,560,403,870,513.33,74.53
1765,20210701,2018,臺南市,楠西區,東勢里,382,260307,681,532,346,874,524.59,76.98
1766,20210701,2018,臺南市,南化區,南化里,263,188248,716,566,367,906,547.08,76.43
1767,20210701,2018,臺南市,南化區,小崙里,112,72295,645,542,357,811,461.29,71.46
1768,20210701,2018,臺南市,南化區,中坑里,74,52622,711,581,447,832,450.48,63.35
1769,20210701,2018,臺南市,南化區,北平里,83,47722,575,473,267,714,452.32,78.67
1770,20210701,2018,臺南市,南化區,東和里,89,71147,799,573,385,818,923.77,115.56
1771,20210701,2018,臺南市,南化區,西埔里,149,98159,659,541,340,819,496.96,75.44
1772,20210701,2018,臺南市,南化區,北寮里,196,142836,729,602,395,867,629.48,86.38
1773,20210701,2018,臺南市,南化區,玉山里,168,112418,669,539,356,835,478.47,71.5
1774,20210701,2018,臺南市,南化區,關山里,182,134246,738,604,379,897,572.9,77.67
1775,20210701,2018,臺南市,左鎮區,光和里,52,37488,721,551,341,993,542.14,75.2
1776,20210701,2018,臺南市,左鎮區,榮和里,113,71011,628,560,324,807,467.58,74.41
1777,20210701,2018,臺南市,左鎮區,左鎮里,80,50638,633,504,355,760,442.58,69.92
1778,20210701,2018,臺南市,左鎮區,中正里,133,91776,690,523,334,881,591.01,85.65
1779,20210701,2018,臺南市,左鎮區,睦光里,54,35860,664,455,345,711,537.15,80.89
1780,20210701,2018,臺南市,左鎮區,內庄里,69,54166,785,625,432,1062,589.84,75.14
1781,20210701,2018,臺南市,左鎮區,岡林里,56,34796,621,460,272,809,527.65,84.92
1782,20210701,2018,臺南市,左鎮區,草山里,37,22556,610,524,270,752,579.77,95.1
1783,20210701,2018,臺南市,左鎮區,二寮里,20,12790,640,630,426,829,320.74,50.15
1784,20210701,2018,臺南市,左鎮區,澄山里,59,32897,558,501,334,692,436.56,78.3
1785,20210701,2018,臺南市,仁德區,太子里,1531,1187545,776,607,378,981,645.91,83.27
1786,20210701,2018,臺南市,仁德區,土庫里,778,603295,775,594,366,998,660.61,85.19
1787,20210701,2018,臺南市,仁德區,一甲里,889,833066,937,658,385,1142,1012.36,108.03
1788,20210701,2018,臺南市,仁德區,仁德里,2347,2250352,959,729,431,1232,890.03,92.83
1789,20210701,2018,臺南市,仁德區,新田里,1045,874730,837,635,386,1031,758.69,90.64
1790,20210701,2018,臺南市,仁德區,後壁里,2797,2319890,829,639,400,1065,659.47,79.51
1791,20210701,2018,臺南市,仁德區,上崙里,1734,1386118,799,638,383,1049,637.12,79.7
1792,20210701,2018,臺南市,仁德區,保安里,822,643249,783,593,380,967,640.65,81.87
1793,20210701,2018,臺南市,仁德區,二行里,583,503432,864,623,392,1043,922.58,106.84
1794,20210701,2018,臺南市,仁德區,大甲里,556,422951,761,592,408,923,631.3,82.99
1795,20210701,2018,臺南市,仁德區,中洲里,672,522734,778,589,383,962,726.64,93.41
1796,20210701,2018,臺南市,仁德區,仁和里,366,287933,787,641,379,1021,644.42,81.91
1797,20210701,2018,臺南市,仁德區,成功里,1359,1150712,847,598,371,1016,883.75,104.37
1798,20210701,2018,臺南市,仁德區,仁愛里,357,290980,815,647,396,1137,584.37,71.7
1799,20210701,2018,臺南市,仁德區,仁義里,2977,2662108,894,656,404,1098,867.48,97.01
1800,20210701,2018,臺南市,仁德區,文賢里,580,435043,750,600,372,903,676.6,90.21
1801,20210701,2018,臺南市,歸仁區,南保里,1907,1541262,808,614,393,1003,715.69,88.55
1802,20210701,2018,臺南市,歸仁區,六甲里,1055,810766,768,594,380,920,734.19,95.54
1803,20210701,2018,臺南市,歸仁區,歸仁里,706,620501,879,659,415,1091,730.69,83.14
1804,20210701,2018,臺南市,歸仁區,後市里,993,849896,856,633,403,996,1143.21,133.57
1805,20210701,2018,臺南市,歸仁區,辜厝里,941,762787,811,630,403,995,719.19,88.72
1806,20210701,2018,臺南市,歸仁區,許厝里,981,798183,814,630,417,1030,668.5,82.16
1807,20210701,2018,臺南市,歸仁區,看西里,653,573006,877,667,433,1134,810.58,92.37
1808,20210701,2018,臺南市,歸仁區,看東里,565,468569,829,669,426,1006,719.79,86.79
1809,20210701,2018,臺南市,歸仁區,崙頂里,931,939814,1009,688,418,1220,1136.99,112.63
1810,20210701,2018,臺南市,歸仁區,沙崙里,164,126282,770,596,355,966,714.91,92.84
1811,20210701,2018,臺南市,歸仁區,大潭里,472,370619,785,598,391,930,1048.32,133.51
1812,20210701,2018,臺南市,歸仁區,武東里,445,426926,959,749,433,1155,1121.92,116.94
1813,20210701,2018,臺南市,歸仁區,八甲里,726,621920,857,663,412,1080,770.64,89.96
1814,20210701,2018,臺南市,歸仁區,七甲里,999,822592,823,647,401,1062,738.61,89.7
1815,20210701,2018,臺南市,歸仁區,媽廟里,503,402333,800,608,394,978,755.94,94.51
1816,20210701,2018,臺南市,歸仁區,西埔里,508,393096,774,574,384,974,673.47,87.03
1817,20210701,2018,臺南市,歸仁區,大廟里,826,625751,758,596,378,943,633.48,83.62
1818,20210701,2018,臺南市,歸仁區,南興里,1309,1133966,866,650,420,1075,771.15,89.02
1819,20210701,2018,臺南市,歸仁區,新厝里,711,585477,823,622,391,1025,691.37,83.96
1820,20210701,2018,臺南市,歸仁區,歸南里,653,491875,753,599,367,888,652.35,86.6
1821,20210701,2018,臺南市,歸仁區,文化里,935,757455,810,636,397,989,706.21,87.17
1822,20210701,2018,臺南市,關廟區,關廟里,587,494637,843,646,383,1007,828.18,98.28
1823,20210701,2018,臺南市,關廟區,山西里,537,415561,774,589,374,902,901.88,116.54
1824,20210701,2018,臺南市,關廟區,香洋里,904,720741,797,589,382,945,910.45,114.19
1825,20210701,2018,臺南市,關廟區,北勢里,621,469693,756,630,406,922,557.12,73.66
1826,20210701,2018,臺南市,關廟區,新埔里,256,188269,735,574,390,857,649.15,88.27
1827,20210701,2018,臺南市,關廟區,五甲里,886,644307,727,601,377,943,527.98,72.6
1828,20210701,2018,臺南市,關廟區,東勢里,825,575827,698,582,385,897,513.88,73.62
1829,20210701,2018,臺南市,關廟區,松腳里,479,390310,815,579,363,910,1215.24,149.14
1830,20210701,2018,臺南市,關廟區,深坑里,375,262404,700,565,382,856,528.59,75.54
1831,20210701,2018,臺南市,關廟區,布袋里,274,176499,644,494,320,743,650.08,100.92
1832,20210701,2018,臺南市,關廟區,埤頭里,470,365633,778,566,386,873,886.24,113.92
1833,20210701,2018,臺南市,關廟區,下湖里,112,68212,609,530,309,800,426.28,69.99
1834,20210701,2018,臺南市,關廟區,新光里,121,72024,595,489,307,696,490.25,82.36
1835,20210701,2018,臺南市,關廟區,南雄里,310,206014,665,535,350,828,527.35,79.35
1836,20210701,2018,臺南市,關廟區,花園里,891,648912,728,590,364,864,633.97,87.05
1837,20210701,2018,臺南市,龍崎區,崎頂里,193,137081,710,581,364,900,541.71,76.27
1838,20210701,2018,臺南市,龍崎區,土崎里,115,71502,622,487,338,763,456.5,73.42
1839,20210701,2018,臺南市,龍崎區,中坑里,17,17465,1027,643,360,1192,1083.28,105.45
1840,20210701,2018,臺南市,龍崎區,楠坑里,55,44535,810,625,283,988,829.02,102.38
1841,20210701,2018,臺南市,龍崎區,牛埔里,77,59120,768,589,376,925,855.52,111.43
1842,20210701,2018,臺南市,龍崎區,大坪里,65,38913,599,504,346,775,366.71,61.25
1843,20210701,2018,臺南市,龍崎區,龍船里,68,48826,718,592,332,955,544.14,75.78
1844,20210701,2018,臺南市,龍崎區,石𥕢里,67,42095,628,497,328,766,507.65,80.8
1845,20210701,2018,臺南市,永康區,永康里,2437,2224257,913,654,406,1125,895.62,98.13
1846,20210701,2018,臺南市,永康區,埔園里,2370,2441262,1030,742,440,1294,985.2,95.64
1847,20210701,2018,臺南市,永康區,網寮里,2185,2142705,981,698,405,1186,1193.24,121.68
1848,20210701,2018,臺南市,永康區,王行里,722,670254,928,644,395,1056,1127.55,121.46
1849,20210701,2018,臺南市,永康區,龍潭里,1896,1717485,906,675,405,1115,934.79,103.2
1850,20210701,2018,臺南市,永康區,大灣里,957,787870,823,620,349,1021,781.14,94.88
1851,20210701,2018,臺南市,永康區,東灣里,972,779098,802,589,381,927,1011.79,126.23
1852,20210701,2018,臺南市,永康區,西灣里,2290,1991663,870,642,389,1087,795.22,91.43
1853,20210701,2018,臺南市,永康區,南灣里,1035,767117,741,594,373,919,586.9,79.19
1854,20210701,2018,臺南市,永康區,北灣里,1237,1034181,836,640,393,1029,726.27,86.87
1855,20210701,2018,臺南市,永康區,西勢里,1934,1690532,874,650,415,1100,748.42,85.62
1856,20210701,2018,臺南市,永康區,新樹里,547,424131,775,592,383,919,668.11,86.17
1857,20210701,2018,臺南市,永康區,三民里,407,434575,1068,681,399,1211,1581.32,148.1
1858,20210701,2018,臺南市,永康區,塩行里,1748,1487433,851,613,360,1033,857.03,100.72
1859,20210701,2018,臺南市,永康區,蔦松里,535,418950,783,613,401,946,642.94,82.1
1860,20210701,2018,臺南市,永康區,烏竹里,898,799979,891,704,416,1152,735.75,82.59
1861,20210701,2018,臺南市,永康區,建國里,547,452086,826,646,410,1083,719.55,87.06
1862,20210701,2018,臺南市,永康區,復興里,381,309746,813,576,335,906,865.68,106.48
1863,20210701,2018,臺南市,永康區,成功里,524,431190,823,624,385,1003,778.89,94.65
1864,20210701,2018,臺南市,永康區,光復里,127,99477,783,549,363,919,884.65,112.94
1865,20210701,2018,臺南市,永康區,神洲里,270,170507,632,513,326,847,448.97,71.09
1866,20210701,2018,臺南市,永康區,勝利里,2266,2048075,904,634,366,1150,985.02,108.98
1867,20210701,2018,臺南市,永康區,大橋里,1922,2323504,1209,651,386,1143,10680.77,883.51
1868,20210701,2018,臺南市,永康區,五王里,1622,1276138,787,606,378,1011,710.93,90.36
1869,20210701,2018,臺南市,永康區,崑山里,1815,1525273,840,614,379,1019,786.47,93.59
1870,20210701,2018,臺南市,永康區,塩洲里,1968,1742566,885,663,394,1097,776.07,87.65
1871,20210701,2018,臺南市,永康區,甲頂里,705,568282,806,625,412,947,835.98,103.71
1872,20210701,2018,臺南市,永康區,復國里,2608,2070908,794,636,394,990,659.77,83.09
1873,20210701,2018,臺南市,永康區,中興里,967,784817,812,631,398,1010,688.5,84.83
1874,20210701,2018,臺南市,永康區,正強里,2489,2166419,870,661,408,1071,808.01,92.83
1875,20210701,2018,臺南市,永康區,二王里,2367,2094980,885,666,398,1124,801.9,90.6
1876,20210701,2018,臺南市,永康區,中華里,928,950738,1025,698,412,1266,1044.93,101.99
1877,20210701,2018,臺南市,永康區,東橋里,2594,3333586,1285,964,508,1721,1195.98,93.06
1878,20210701,2018,臺南市,永康區,安康里,1534,1366575,891,670,397,1117,900.1,101.04
1879,20210701,2018,臺南市,永康區,西橋里,984,799146,812,626,385,1039,675.77,83.21
1880,20210701,2018,臺南市,永康區,六合里,1799,1591271,885,645,380,1113,864.64,97.75
1881,20210701,2018,臺南市,永康區,三合里,947,718605,759,594,366,996,620.57,81.78
1882,20210701,2018,臺南市,永康區,尚頂里,1417,1287041,908,633,378,1052,1057.81,116.46
1883,20210701,2018,臺南市,永康區,復華里,2816,2352173,835,637,394,1029,789.68,94.54
1884,20210701,2018,臺南市,永康區,龍埔里,1293,1456814,1127,867,492,1487,923.19,81.94
1885,20210701,2018,臺南市,永康區,永明里,1464,1488644,1017,755,452,1251,1363.15,134.06
1886,20210701,2018,臺南市,永康區,塩興里,1277,1241193,972,711,439,1166,1009.56,103.87
1887,20210701,2018,臺南市,永康區,北興里,1544,1493436,967,735,429,1253,849.97,87.87
